date,category,exercise,exercise_id,measure,record,feel,notes
2025-05-09,Anaerobic Lactic Capacity + Circuits,run,,,7x 1h1e,,
2025-05-12,Plyo (-agility),ins and outs,,,3x half turf,,
2025-05-12,Power (upper),lm split clean & jerk,lm-split-clean-jerk,,2x5,,
2025-05-12,Plyo (-agility),sl drop squat,,,2x10,,
2025-05-12,Power (upper),mb split rotational slam,mb-split-rotational-slam,18lbs,2x5,,
2025-05-12,Plyo (-agility),drop squat bounds,drop-squat-bounds,,10,,
2025-05-12,Plyo (-agility),sl broad jumps,sl-broad-jumps,,10,,
2025-05-12,Plyo (-agility),sl hops + lateral bounds,sl-hops-lateral-bounds,,5,,
2025-05-12,Plyo (-agility),tuck jump + lateral hops + bound,tuck-jump-lateral-hops-bound,,6,,
2025-05-13,Core,fowler in Faris throw,,4lbs,4x10,,
2025-05-13,Plyo (-agility),rfe lateral hops,rfe-lateral-hops,,3x15,,
2025-05-13,Power (upper),endless rope,endless-rope,,3x30s,,
2025-05-13,Sprints,hurdle to sprint,,,3,,
2025-05-13,Core,pallof hold + sideways walk,pallof-hold-sideways-walk,15lbs,2,,
2025-05-13,Plyo (-agility),depth jumps,,,3x10,,
2025-05-13,Sprints,pushup to sprint,,,3,,
2025-05-13,Plyo (-agility),ickey shuffle bounding,,,4,,
2025-05-14,Anaerobic Lactic Capacity + Circuits,emom: 5 burpees + 5 air squats + 5 situps,,,5mins,,
2025-05-14,Plyo (-agility),sl box jumps,,6in,3x10,,
2025-05-14,Power (lower),db jump squats,,30lbs,5x5,,
2025-05-14,Anaerobic Lactic Capacity + Circuits,stairclimber,stairclimber,bw-75spm,2x3mins,,
2025-05-14,Plyo (-agility),speed skater + sl box jump,,6in,3x10,,
2025-05-14,Power (lower),sled resisted sprint,sled-resisted-sprint,L1,2x4,,
2025-05-14,Plyo (-agility),triple broads,triple-broads,,3x5,,
2025-05-15,Anaerobic Lactic Capacity + Circuits,run,,,10x 2laps,,
2025-05-15,Core,leg raises,leg-raises,"15,3x12.5",4x10,,
2025-05-15,Plyo (-agility),sprinter start skips,,,3x10,,
2025-05-15,Core,plank pulls & drags,,20lbs,4x10,,
2025-05-15,Plyo (-agility),death drop split box jumps,death-drop-split-box-jumps,6in,3x10,,
2025-05-15,Core,serratus anterior pulls,serratus-anterior-pulls,,4x10,,
2025-05-15,Core,kb rotational lift half kneeling,kb-rotational-lift-half-kneeling,,4x15,,
2025-05-16,Plyo (-agility),lateral forward & back,lateral-forward-back,,2 each,,
2025-05-16,Power (upper),lm explosive row + catch,lm-explosive-row-catch,65lbs,3x5,,
2025-05-16,Sprints,drop sprints,drop-sprints,,2 each,,
2025-05-16,Plyo (-agility),sl lateral skater,sl-lateral-skater,,4 each,,
2025-05-16,Power (upper),power clean & jerk,power-clean-jerk,85lbs,2x4,,
2025-05-16,Sprints,curved sprints,curved-sprints,,2 each,,
2025-05-16,Plyo (-agility),180deg squat jumps,,,3x5,,
2025-05-16,Plyo (-agility),tuck jump + agile laterals,tuck-jump-agile-laterals,,4,,
2025-05-16,Plyo (-agility),bent knee bounds,bent-knee-bounds,,4,,
2025-05-17,Plyo (-agility),lateral punch & push,lateral-punch-push,,3 each,,
2025-05-17,Power (lower),sl bulgarian hops,sl-bulgarian-hops,,3x5,,
2025-05-17,Plyo (-agility),tuck jump + rapid line jumps,,,3x5,,
2025-05-17,Power (lower),split jumps w/ knee punch,,,3x5,,
2025-05-17,Plyo (-agility),lateral power shuffle,,,3x5,,
2025-05-19,Plyo (-agility),rfe lateral hops,rfe-lateral-hops,,3x15,,
2025-05-19,Power (lower),lm split clean & jerk,lm-split-clean-jerk,,3x5,,
2025-05-19,Power (upper),lm split clean & jerk,lm-split-clean-jerk,,3x5,,
2025-05-19,Plyo (-agility),sl lateral hops,,,"2x5,3",,
2025-05-19,Power (lower),lm curtsy lunge w/ sl jump,lm-curtsy-lunge-w-sl-jump,10lbs,3x5,,
2025-05-19,Plyo (-agility),sl tuck jumps,,,2x5,,
2025-05-19,Plyo (-agility),sl lateral hop + sl tuck jump,,,2x5,,
2025-05-19,Plyo (-agility),tuck jump + lateral hops + bound,tuck-jump-lateral-hops-bound,,2 laps each,,
2025-05-20,Core,fowler into Faris throw,fowler-into-faris-throw,8lbs,3x10,,
2025-05-20,Plyo (-agility),drop squat bounds,drop-squat-bounds,,3x10,,
2025-05-20,Power (upper),endless rope,endless-rope,,3x30s,,
2025-05-20,Sprints,standard sprints,,,3,,
2025-05-20,Core,pallof hold + sideways walk,pallof-hold-sideways-walk,15lbs,3,,
2025-05-20,Plyo (-agility),depth jumps,,,3x5,,
2025-05-20,Sprints,hurdle sprints,,,3,,
2025-05-20,Plyo (-agility),ickey shuffle bounds,,,3,,
2025-05-20,Plyo (-agility),skater + sl box jump,skater-sl-box-jump,6in,2x10,,
2025-05-21,Anaerobic Lactic Capacity + Circuits,fire academy pft w/o 1mile run,,,done,,
2025-05-21,Plyo (-agility),depth drop,,24in?,2x10,,
2025-05-21,Power (lower),db jump squats,,"2x30,3x25",5x5,,
2025-05-21,Plyo (-agility),triple broads,triple-broads,,3 laps,,
2025-05-21,Power (lower),sled resisted sprint,sled-resisted-sprint,L1,3x4,,
2025-05-22,Anaerobic Lactic Capacity + Circuits,run,,,3x 400s,,
2025-05-22,Core,leg raises,leg-raises,12.5lbs,4x10,,
2025-05-22,Core,plank pulls & drags,,20lbs,2x10,,
2025-05-22,Core,kb rotational lift half kneeling,kb-rotational-lift-half-kneeling,20lbs,2x12,,
2025-05-22,Core,serratus anterior pulls,serratus-anterior-pulls,,2x12,,
2025-05-23,Plyo (-agility),lateral forward & back,lateral-forward-back,,2 each,,
2025-05-23,Power (upper),mb wall throw,,14lbs,3x5,,
2025-05-23,Sprints,curved sprints,curved-sprints,,2 each,,
2025-05-23,Plyo (-agility),bent knee bounds,bent-knee-bounds,,4,,
2025-05-23,Power (upper),mb up throw,,14lbs,3x5,,
2025-05-23,Power (upper),mb back throw,,14lbs,3 laps,,
2025-05-23,Power (upper),mb forward throw,,14lbs,3 laps,,
2025-05-23,Power (upper),lm explosive row + catch,lm-explosive-row-catch,70lbs,3x5,,
2025-05-23,Power (lower),power clean & jerk,power-clean-jerk,85lbs,"3,2x4",,
2025-05-24,Power (lower),sl bulgarian hops,sl-bulgarian-hops,,3x5,,
2025-05-24,Power (lower),split jumps w/ knee punch,,,3x5,,
2025-05-25,Anaerobic Lactic Capacity + Circuits,tabata,,,rower,,
2025-05-25,Zone 2,throwing football,,,1hr,,
2025-05-26,Anaerobic Lactic Capacity + Circuits,tabata,,,high kness,,
2025-05-26,Plyo (-agility),box quick feet,box-quick-feet,6in,2x10,,
2025-05-26,Power (upper),mb wall throw,,14lbs,3x5,,
2025-05-26,Plyo (-agility),sl lateral hop + sl tuck jump,,,2x5,,
2025-05-26,Power (upper),mb up throw,,14lbs,3x5,,
2025-05-26,Plyo (-agility),tuck jump + lateral hops + bound,tuck-jump-lateral-hops-bound,,1 lap,,
2025-05-26,Power (upper),mb back throw,,14lbs,3 laps,,
2025-05-26,Power (upper),mb forward throw,,14lbs,3 laps,,
2025-05-26,Power (upper),lm split clean & jerk (left only),,"0,2x5",3x5,,
2025-05-27,Core,fowler into Faris throw,fowler-into-faris-throw,8lbs,3x12,,
2025-05-27,Sprints,regular sprints,,,2,,
2025-05-27,Core,pallof hold + sideways walk,pallof-hold-sideways-walk,15lbs,3,,
2025-05-27,Sprints,hurdle sprints,,,2,,
2025-05-28,Anaerobic Lactic Capacity + Circuits,40:20 strides,,,8 repeats,,
2025-05-28,Power (lower),db jump squats,,2/17.5lbs,5x5,,
2025-05-28,Power (lower),sled resisted sprint,sled-resisted-sprint,L1,3x3,,
2025-05-29,Anaerobic Lactic Capacity + Circuits,run,,,8x 3laps,,
2025-05-29,Core,reverse crunches,reverse-crunches,,"8,2x10",,
2025-05-29,Power (upper),endless rope,endless-rope,,3x30s,,
2025-05-29,Anaerobic Lactic Capacity + Circuits,40:20 strides,,,4 repeats,,
2025-05-29,Core,kb rotational lift half kneeling,kb-rotational-lift-half-kneeling,15lbs,2x15,,
2025-05-30,Sprints,curved sprints,curved-sprints,,2,,
2025-05-30,Sprints,drop sprints,drop-sprints,,2,,
2025-05-31,Anaerobic Lactic Capacity + Circuits,fire academy pft,,,21:38mins,,
2025-05-31,Power (lower),split jumps w/ knee punch,,,2x5,,
2025-06-01,Power (lower),sl bulgarian hops,sl-bulgarian-hops,,2x5,,
2025-06-01,Zone 2,mtb,,1k vert,10 miles,,
2025-06-02,Plyo (-agility),rfe lateral hops,rfe-lateral-hops,,2x10,,
2025-06-02,Power (lower),power clean & jerk,power-clean-jerk,85lbs,3x4,,
2025-06-02,Plyo (-agility),drop squat bounds,drop-squat-bounds,,2x10,,
2025-06-02,Power (upper),drop pushups,drop-pushups,,3x7,,
2025-06-02,Plyo (-agility),ickey shuffle bounding,,,3xlap,,
2025-06-02,Plyo (-agility),dl tuck jumps,,,3x5,,
2025-06-02,Plyo (-agility),tuck jump + lateral hops + bound,tuck-jump-lateral-hops-bound,,3xlap,,
2025-06-03,Anaerobic Lactic Capacity + Circuits,tabata,,,rower,,
2025-06-03,Core,kb rotational lift half kneeling,kb-rotational-lift-half-kneeling,20lbs,2x15,,
2025-06-03,Plyo (-agility),high knee/cycle/step over progression,,,2,,
2025-06-03,Power (upper),mb wall throw,,16lbs,3x5,,
2025-06-03,Sprints,regular sprints,,,2,,
2025-06-03,Core,reverse crunches,reverse-crunches,,"2x11,10",,
2025-06-03,Power (upper),mb up throw,,16lbs,3x5,,
2025-06-03,Sprints,hurdle sprints,,,2,,
2025-06-03,Power (upper),mb back throw,,16lbs,3 laps,,
2025-06-03,Power (upper),mb forward throw,,16lbs,3 laps,,
2025-06-03,Power (lower),tb overcoming iso hold,,,5x5s,,
2025-06-03,Power (lower),sprinter iso hold,sprinter-iso-hold,,5x5s,,
2025-06-04,Anaerobic Lactic Capacity + Circuits,40:20 strides,,,10 repeats,,
2025-06-04,Power (lower),box squat,box-squat,200lbs,3x5,,
2025-06-04,Power (lower),db jump squats,,2/17.5lbs,3x5,,
2025-06-04,Power (lower),sled resisted sprint,sled-resisted-sprint,L1,3x2,,
2025-06-05,Anaerobic Lactic Capacity + Circuits,40:20 strides,,,4 repeats,,
2025-06-05,Core,fowler into Faris throw,fowler-into-faris-throw,8lbs,3x15,,
2025-06-05,Core,pallof hold + sideways walk,pallof-hold-sideways-walk,15lbs,3,,
2025-06-06,Sprints,curved sprints,curved-sprints,,2,,
2025-06-06,Sprints,drop sprints,drop-sprints,,2,,
2025-06-07,Anaerobic Lactic Capacity + Circuits,fire academy pft,,,20:39mins,,
2025-06-07,Power (lower),sl bulgarian hops,sl-bulgarian-hops,,2x5,,
2025-06-08,Power (lower),split jumps w/ knee punch,,,2x5,,
2025-06-08,Zone 2,hike,hike,,2:15hrs,,
2025-06-09,Anaerobic Lactic Capacity + Circuits,40:20 strides,,,4 repeats,,
2025-06-09,Core,kb rotational lift half kneeling,kb-rotational-lift-half-kneeling,25lbs,2x10,,
2025-06-09,Plyo (-agility),ickey shuffle bounding,,,3 laps,,
2025-06-09,Power (upper),mb back throw,,16lbs,3 laps,,
2025-06-09,Core,reverse crunches,reverse-crunches,,"15,2x12",,
2025-06-09,Plyo (-agility),dl tuck jumps,,,2x5,,
2025-06-09,Power (upper),mb forward throw,,16lbs,3 laps,,
2025-06-09,Plyo (-agility),triple broads,triple-broads,,3 laps,,
2025-06-09,Power (upper),mb wall throw,,16lbs,3x5,,
2025-06-09,Plyo (-agility),depth drop + split jump,,12in,3x10,,
2025-06-09,Power (upper),mb up throw,,16lbs,3x5,,
2025-06-09,Plyo (-agility),tuck jump + lateral hops + bound,tuck-jump-lateral-hops-bound,,3 laps,,
2025-06-09,Power (upper),endless rope,endless-rope,,3x30s,,
2025-06-09,Power (lower),tb overcoming iso hold,,,5x5s,,
2025-06-09,Power (lower),sprinter iso hold,sprinter-iso-hold,,5x5s,,
2025-06-10,Anaerobic Lactic Capacity + Circuits,tabata,,,burpees,,clean & jerk green because first time proper hip touch form
2025-06-10,Power (lower),power clean & jerk,power-clean-jerk,65lbs,3x5,,clean & jerk green because first time proper hip touch form
2025-06-10,Sprints,regular sprints,,,2 straights,,clean & jerk green because first time proper hip touch form
2025-06-10,Power (upper),drop-explode pushups,,,3x5,,
2025-06-10,Sprints,hurdle sprints,,,2 straights,,
2025-06-11,Anaerobic Lactic Capacity + Circuits,mtb,,1k vert,8 miles,,
2025-06-11,Power (lower),box squat,box-squat,215lbs,3x5,,
2025-06-11,Power (lower),db jump squats,,2/17.5lbs,3x5,,
2025-06-11,Power (lower),sled resisted sprint,sled-resisted-sprint,L1,3x2,,
2025-06-12,Core,star plank,star-plank,,2x25,,
2025-06-12,Plyo (-agility),ickey shuffle,,,2 laps,,
2025-06-12,Core,rdl+press+rotation,,10lbs,2x10,,
2025-06-12,Plyo (-agility),crossovers,,,2 laps,,
2025-06-12,Core,serratus anterior pulls,serratus-anterior-pulls,,2x12,,
2025-06-12,Core,fowler into Faris throw,fowler-into-faris-throw,10lbs,3x12,,
2025-06-12,Core,pallof hold,pallof-hold,"2x20,25","15s,20s,15s",,
2025-06-13,Sprints,curved sprints,curved-sprints,,1,,still feeling evening bike ride 2 days ago and/or getting sick (contamination)
2025-06-13,Sprints,drop sprints,drop-sprints,,1,,
2025-06-14,Anaerobic Lactic Capacity + Circuits,fire academy pft,,,19:06,,
2025-06-14,Power (lower),sl bulgarian hops,sl-bulgarian-hops,,2x5,,
2025-06-14,Power (lower),split jumps w/ knee punch,,,2x5,,
2025-06-16,Anaerobic Lactic Capacity + Circuits,fire academy pft,,,20:30,,
2025-06-16,Core,kb rotational lift half kneeling,kb-rotational-lift-half-kneeling,25lbs,2x12,,
2025-06-16,Plyo (-agility),ickey shuffle bounds,,,3 laps,,
2025-06-16,Power (upper),endless rope,endless-rope,,3x30s,,
2025-06-16,Core,reverse crunches,reverse-crunches,,3x15,,
2025-06-16,Plyo (-agility),dl tuck jumps,,,2x5,,
2025-06-16,Power (lower),sprinter iso hold,sprinter-iso-hold,,3x10s,,
2025-06-16,Plyo (-agility),triple broads,triple-broads,,3 laps,,
2025-06-16,Power (lower),tb overcoming iso hold,,,3x10s,,
2025-06-16,Plyo (-agility),depth drop + split jump,,12in,2x10,,
2025-06-16,Plyo (-agility),tuck jump + lateral hops + bound,tuck-jump-lateral-hops-bound,,2 laps,,
2025-06-17,Power (upper),drop-explode pushups,,,3x7,,
2025-06-17,Sprints,regular sprints,,,2 straights,,
2025-06-18,Anaerobic Lactic Capacity + Circuits,40:20 strides,,,4 repeats,,
2025-06-18,Plyo (-agility),in and out shuffles,in-and-out-shuffles,,2 laps,,
2025-06-18,Plyo (-agility),ickey shuffle bounds,,,2 laps,,
2025-06-18,Plyo (-agility),triple broads,triple-broads,,3 laps,,
2025-06-18,Plyo (-agility),tuck jump + lateral hops + bound,tuck-jump-lateral-hops-bound,,2 laps,,
2025-06-19,Anaerobic Lactic Capacity + Circuits,run,,,12x 2laps,,
2025-06-19,Core,fowler into Faris throw,fowler-into-faris-throw,10lbs,2x15,,
2025-06-19,Core,serratus anterior pulls,serratus-anterior-pulls,,2x15,,
2025-06-20,Anaerobic Lactic Capacity + Circuits,cmc hill sprints,,,4,,
2025-06-20,Power (lower),sl bulgarian hops,sl-bulgarian-hops,,2x5,,
2025-06-20,Sprints,regular sprints,,,2 straights,,
2025-06-20,Power (lower),lm curtsy lunge jumps,,55lbs,2x5,,
2025-06-20,Sprints,curved sprints,curved-sprints,,2 curves,,
2025-06-20,Power (lower),box squat,box-squat,"2x225,3x235",5x5,,
2025-06-21,Plyo (-agility),ickey shuffle to crossover,ickey-shuffle-to-crossover,,3 laps,,
2025-06-21,Power (lower),sprinter iso hold,sprinter-iso-hold,,5x10s,,
2025-06-21,Power (lower),tb overcoming iso hold,,,3x10s,,
2025-06-21,Power (lower),sled resisted sprint,sled-resisted-sprint,"L1,4xL2","2x2,3x1",,
2025-06-24,Core,kb rotational lift half kneeling,kb-rotational-lift-half-kneeling,25lbs,2x15,,
2025-06-24,Power (upper),mb back throw,,20lbs,3 laps,,
2025-06-24,Core,reverse crunches,reverse-crunches,,2x15,,
2025-06-24,Power (upper),mb forward throw,,20lbs,3 laps,,
2025-06-24,Core,pallof hold,pallof-hold,25lbs,2x15s,,
2025-06-24,Power (upper),mb wall throw,,20lbs,3x5,,
2025-06-24,Power (upper),mb up throw,,20lbs,3x5,,
2025-06-25,Plyo (-agility),in and out shuffles,in-and-out-shuffles,,2 laps,,
2025-06-25,Plyo (-agility),ickey shuffle bounds,,,2 laps,,
2025-06-25,Plyo (-agility),triple broads,triple-broads,,3 laps,,
2025-06-25,Plyo (-agility),tuck jump + lateral hops + bound,tuck-jump-lateral-hops-bound,,2 laps,,
2025-06-27,Power (lower),trx curtsy lunge jumps,,,2x5,,
2025-06-27,Power (lower),sl bulgarian hops,sl-bulgarian-hops,,2x5,,
2025-06-27,Power (lower),box squat,box-squat,"2x225,2x245","3x5,2",,
2025-06-28,Anaerobic Lactic Capacity + Circuits,tabata,,,mountain climbers,,
2025-06-28,Plyo (-agility),ickey shuffle to crossover,ickey-shuffle-to-crossover,,3 laps,,
2025-06-28,Power (lower),sprinter iso hold,sprinter-iso-hold,,3x10s,,
2025-06-28,Sprints,regular sprints,,full lap,3,,
2025-06-28,Power (lower),tb overcoming iso hold,,,3x10s,,
2025-06-29,& more + prehab,sauna,,,25min,,
2025-06-30,Core,pallof hold,pallof-hold,25lbs,2x15s,,
2025-06-30,Power (upper),lm split clean & jerk,lm-split-clean-jerk,,2x5,,
2025-06-30,Core,fowler into Faris throw,fowler-into-faris-throw,12lbs,2x10,,
2025-06-30,Power (upper),drop-explode pushups,,,2x5,,
2025-07-01,Core,kb rotational lift half kneeling,kb-rotational-lift-half-kneeling,30lbs,2x15,,
2025-07-01,Power (upper),mb back throw,,20lbs,3 laps,,
2025-07-01,& more + prehab,sl wall sit on toes,,,2x30s,,
2025-07-01,Core,reverse crunches,reverse-crunches,,2x10,,
2025-07-01,Power (upper),mb forward throw,,20lbs,3 laps,,
2025-07-01,& more + prehab,backward sled pull,,270lbs,2x2laps,,
2025-07-01,Power (upper),mb wall throw,,20lbs,3x5,,
2025-07-01,Power (upper),mb up throw,,20lbs,3x5,,
2025-07-03,Power (lower),box squat,box-squat,"245,4x235","3,4x5",,
2025-07-05,Plyo (-agility),ickey shuffle to crossover,ickey-shuffle-to-crossover,,3 laps,,
2025-07-05,Power (lower),sprinter iso hold,sprinter-iso-hold,,5x5s,,
2025-07-05,Sprints,regular sprints (0:23),,full lap,3,,
2025-07-05,& more + prehab,sl leg extension iso hold - L,,90lbs,3x5s,,
2025-07-05,& more + prehab,sl soleus raises,,35lbs,3x25*,,
2025-07-06,Anaerobic Lactic Capacity + Circuits,tabata,,,battle ropes,,
2025-07-06,& more + prehab,sauna,,,20mins,,
2025-07-07,Core,kb rotational lift half kneeling,kb-rotational-lift-half-kneeling,30lbs,2x12,,
2025-07-07,Plyo (-agility),ickey shuffle bounds,,,2 laps,,
2025-07-07,& more + prehab,sl soleus raises,,35lbs,3x25,,
2025-07-07,Core,reverse crunches,reverse-crunches,,2x12,,
2025-07-07,Plyo (-agility),triple broads,triple-broads,,2 laps,,
2025-07-07,& more + prehab,cossack squats,cossack-squats,,2x10,,
2025-07-07,Plyo (-agility),tuck jump + lateral hops + bound,tuck-jump-lateral-hops-bound,,2 laps,,
2025-07-08,Core,pallof hold,pallof-hold,25lbs,2x15s,,
2025-07-08,Power (upper),mb back throw,,20lbs,2 laps,,
2025-07-08,& more + prehab,wrist work,,10lbs,2x25,,
2025-07-08,Core,fowler into Faris throw,fowler-into-faris-throw,12lbs,2x12,,
2025-07-08,Power (upper),mb forward throw,,20lbs,2 laps,,
2025-07-08,& more + prehab,sl wall sit on toes,,,2x30s,,
2025-07-08,Power (upper),mb wall throw,,20lbs,2x5,,
2025-07-08,Power (upper),mb up throw,,20lbs,2x5,,
2025-07-09,Power (upper),drop-explode pushups,,,"5,7,8",,
2025-07-09,Power (upper),lm split clean & jerk,lm-split-clean-jerk,"0,2x10",3x5,,
2025-07-09,Power (lower),box squat,box-squat,245lbs,5x5,,
2025-07-10,Power (upper),endless rope,endless-rope,,30s,,
2025-07-10,& more + prehab,kb adductor stretch,,20lbs,3x20,,
2025-07-10,& more + prehab,scapula work,,,2x10,,
2025-07-11,Power (lower),sl bulgarian hops,sl-bulgarian-hops,,2x5,,
2025-07-11,Power (lower),trx curtsy lunge jumps,,,2x5,,
2025-07-12,Plyo (-agility),ickey shuffle to crossover,ickey-shuffle-to-crossover,,3 laps,,
2025-07-12,Power (lower),sprinter iso hold,sprinter-iso-hold,,5x5s,,
2025-07-12,Sprints,regular sprints,,lap,3,,
2025-07-12,& more + prehab,ankle bands,,blue,2x25,,
2025-07-12,& more + prehab,sl soleus raises,,40lbs,"2x20,22",,
2025-07-12,& more + prehab,wrist work,,12.5lbs,2x25,,
2025-07-13,Anaerobic Lactic Capacity + Circuits,tabata,,,endless rope,,
2025-07-13,& more + prehab,sauna,,,15mins,,
2025-07-14,Core,kb rotational lift half kneeling,kb-rotational-lift-half-kneeling,30lbs,2x15,,
2025-07-14,& more + prehab,sl soleus raises,,40lbs,2x25,,
2025-07-14,Core,reverse crunches,reverse-crunches,,"12,15",,
2025-07-14,& more + prehab,sl wall sit on toes,,,2x45s,,
2025-07-14,& more + prehab,cossack squats,cossack-squats,,2x10,,
2025-07-15,Core,pallof hold,pallof-hold,25lbs,2x15s,,
2025-07-15,Power (upper),mb back throw,,20lbs,2 laps,,
2025-07-15,& more + prehab,wrist work,,12.5lbs,"25,20",,
2025-07-15,Core,fowler into Faris throw,fowler-into-faris-throw,12lbs,2x15,,
2025-07-15,Power (upper),mb forward throw,,20lbs,2 laps,,
2025-07-15,Power (upper),mb wall throw,,20lbs,2x5,,
2025-07-15,Power (upper),mb up throw,,20lbs,2x5,,
2025-07-16,Power (upper),drop-explode pushups,,,"8,2x10",,
2025-07-16,Power (upper),lm split clean & jerk,lm-split-clean-jerk,"2x10,20",3x5,,
2025-07-16,Power (upper),endless rope,endless-rope,,3x30s,,
2025-07-18,Power (lower),sl bulgarian hops,sl-bulgarian-hops,,2x5,,
2025-07-20,Anaerobic Lactic Capacity + Circuits,40:20 strides,,,4x,,
2025-07-20,Plyo (-agility),ickey shuffle to crossover,ickey-shuffle-to-crossover,,3 laps,,
2025-07-20,Power (lower),sprinter iso hold,sprinter-iso-hold,,3x5s,,
2025-07-20,& more + prehab,sl standing calf raises,,50lbs,2x22,,
2025-07-21,Core,lm anti rotation,lm-anti-rotation,,2x10,,
2025-07-21,Plyo (-agility),in and out shuffles,in-and-out-shuffles,,2 laps,,
2025-07-21,& more + prehab,sl wall sit on toes,,,45s,,
2025-07-21,Core,reverse crunches,reverse-crunches,,2x15,,
2025-07-21,Plyo (-agility),ickey shuffle bounds,,,2 laps,,
2025-07-21,& more + prehab,sl soleus raises,,45lbs,"22,20*",,
2025-07-21,Plyo (-agility),depth drop split box jumps,,12in,2x10,,
2025-07-21,& more + prehab,cossack squats,cossack-squats,,"10,12",,
2025-07-21,Plyo (-agility),triple broads,triple-broads,,3 laps,,
2025-07-22,Core,pallof hold,pallof-hold,30lbs,"10s,15s",,
2025-07-22,& more + prehab,rotator cuff work,,5lbs,2x20,,
2025-07-22,Core,fowler into Faris throw,fowler-into-faris-throw,15lbs,"8,10",,
2025-07-22,Power (upper),mb back throw,,20lbs,2 laps,,
2025-07-22,& more + prehab,sled pulls,,270lbs,2x2,,
2025-07-22,Power (upper),mb forward throw,,20lbs,2 laps,,
2025-07-22,& more + prehab,wrist work,,12.5lbs,2x25*,,
2025-07-22,Power (upper),mb wall throw,,20lbs,2x5,,
2025-07-22,Power (upper),mb up throw,,20lbs,2x5,,
2025-07-23,Power (upper),drop-explode pushups,,,3x10,,
2025-07-23,Power (upper),lm split clean & jerk,lm-split-clean-jerk,20lbs,3x5,,
2025-07-24,& more + prehab,kb adductor stretch,,20lbs,2x25,,
2025-07-24,& more + prehab,scapula work,,,2x12,,
2025-07-25,Anaerobic Lactic Capacity + Circuits,tabata,,,battle ropes,,
2025-07-25,Power (lower),tb deadlift,,"245,3x265lbs",4x5,,
2025-07-26,Plyo (-agility),ickey shuffle to crossover,ickey-shuffle-to-crossover,,3 laps,,
2025-07-26,Power (lower),sprinter iso hold,sprinter-iso-hold,,5x5s,,
2025-07-26,& more + prehab,sl standing calf raises,,50lbs,2x25*,,
2025-07-28,Core,reverse crunches,reverse-crunches,,2x15,,
2025-07-28,Plyo (-agility),in and out shuffles,in-and-out-shuffles,,2 laps,,
2025-07-28,& more + prehab,sl standing calf raises,,50lbs,2x20,,
2025-07-28,Core,lm anti rotation,lm-anti-rotation,,2x15,,
2025-07-28,Plyo (-agility),ickey shuffle bounds,,,2 laps,,
2025-07-28,& more + prehab,sl soleus raises,,45lbs,2x25*,,
2025-07-28,Plyo (-agility),depth drop split box jumps,,12in,2x12,,
2025-07-28,& more + prehab,cossack squats,cossack-squats,,10,,
2025-07-28,Plyo (-agility),triple broads,triple-broads,,2 laps,,
2025-07-29,Core,pallof hold,pallof-hold,30lbs,2x15s,,
2025-07-29,Power (upper),mb back throw,,20lbs,2x2laps,,
2025-07-29,& more + prehab,rotator cuff work,,,2x15,,
2025-07-29,Power (upper),mb forward throw,,20lbs,2x2laps,,
2025-07-29,Power (upper),mb wall throw,,20lbs,2x5,,
2025-07-29,Power (upper),mb up throw,,20lbs,2x5,,
2025-07-31,Anaerobic Lactic Capacity + Circuits,40:20 strides,,,4x,,
2025-07-31,Power (lower),pendlay row,pendlay-row,110lbs,5x5,,
2025-07-31,& more + prehab,kb adductor stretch,,20lbs,2x20,,
2025-08-01,Anaerobic Lactic Capacity + Circuits,tabata,,360lbs,sled,,
2025-08-01,Power (lower),box squat,box-squat,"165,4x185lbs","10,4x5",,
2025-08-02,Anaerobic Lactic Capacity + Circuits,tabata,,30lbs,front loaded sandbag pickup to press,,
2025-08-02,Plyo (-agility),ickey shuffle to crossover,ickey-shuffle-to-crossover,,3 laps,,
2025-08-02,& more + prehab,sl standing calf raises,,50lbs,3x25*,,
2025-08-04,Anaerobic Lactic Capacity + Circuits,circuit: mb wall slam,,16lbs,3x10 (each),,
2025-08-04,Core,reverse crunches,reverse-crunches,,"15,20",,
2025-08-04,& more + prehab,sl standing calf raises,,50lbs,25,,
2025-08-04,Anaerobic Lactic Capacity + Circuits,circuit: front loaded sandbag pickup to press,,30lbs,3x20,,
2025-08-04,Core,lm anti rotation,lm-anti-rotation,10lbs,2x10,,
2025-08-04,& more + prehab,sl soleus raises,,45lbs,2x25,,
2025-08-04,Anaerobic Lactic Capacity + Circuits,circuit: burpees,,,3x10,,
2025-08-04,& more + prehab,sl wall sit on toes,,,"30s,60s",,
2025-08-04,Anaerobic Lactic Capacity + Circuits,circuit: battle ropes,,,3x30s,,
2025-08-04,& more + prehab,cossack squats,cossack-squats,,2x12,,
2025-08-05,Core,pallof hold,pallof-hold,35lbs,2x10s,,
2025-08-05,& more + prehab,shoulder work,,5lbs,"15,20",,
2025-08-05,Core,fowler into Faris throw,fowler-into-faris-throw,15lbs,2x10,,
2025-08-05,& more + prehab,wrist work,,12.5lbs,2x25,,
2025-08-05,& more + prehab,sled pulls,,270lbs,2x2laps,,
2025-08-06,Power (upper),drop-explode pushups,,,3x12,,
2025-08-07,Anaerobic Lactic Capacity + Circuits,tabata,,35lbs,front loaded sandbag pickup to press,,
2025-08-08,& more + prehab,shoulder work,,5lbs,2x15,,
2025-08-08,& more + prehab,wrist work,,12.5lbs,2x25,,
2025-08-09,Core,reverse crunches,reverse-crunches,,2x15,,
2025-08-09,Power (lower),sl bulgarian hops,sl-bulgarian-hops,,2x5,,
2025-08-09,& more + prehab,Spanish squat iso hold,,,2x45s,,
2025-08-11,Anaerobic Lactic Capacity + Circuits,tabata,,,endless rope,,
2025-08-11,Power (upper),pendlay row,pendlay-row,115lbs,5x5,,
2025-08-11,Power (upper),drop-explode pushups,,,"10,12",,
2025-08-11,Power (upper),push press,push-press,65lbs,3x5,,
2025-08-12,Anaerobic Lactic Capacity + Circuits,interval run,,,3x2:2,,
2025-08-12,Core,lm anti rotation,lm-anti-rotation,10lbs,2x10,,
2025-08-12,Plyo (-agility),ickey shuffle bounds,,,3 laps,,
2025-08-12,& more + prehab,kb adductor stretch,,22lbs,2x20,,
2025-08-12,Core,rotational mb throws,,20lbs,3x6,,
2025-08-12,Plyo (-agility),depth drop + squat jump,,"20""","5,2x3",,
2025-08-12,& more + prehab,cossack squats,cossack-squats,,2x10*,,
2025-08-12,Plyo (-agility),triple broads,triple-broads,,3 laps,,
2025-08-12,& more + prehab,Spanish squat iso hold,,,2x60s,,
2025-08-12,& more + prehab,kb half kneeling windmill,,22lbs,2x10,,
2025-08-13,Power (lower),tb deadlift,,"3x280,225","2,3,1,8",,
2025-08-13,& more + prehab,tke iso hold,,,"45s,60s",,
2025-08-13,Power (lower),box squat,box-squat,185lbs,5x5,,
2025-08-14,Anaerobic Lactic Capacity + Circuits,tempo run,,,2x10min,,
2025-08-15,Anaerobic Lactic Capacity + Circuits,hill sprints,,8mph @ 9%,8x10s,,
2025-08-15,Core,reverse crunches,reverse-crunches,,2x20,,
2025-08-15,Power (lower),sl bulgarian jumps,,,2x5,,
2025-08-15,& more + prehab,Spanish squat iso hold,,,2x60s,,
2025-08-17,Anaerobic Lactic Capacity + Circuits,interval run,,7:23 min/mile,3x2:1,,
2025-08-17,Core,lm anti rotation,lm-anti-rotation,10lbs,3x10,,
2025-08-17,Plyo (-agility),pogos,,,15,,
2025-08-17,& more + prehab,kb adductor stretch,,22lbs,2x25,,
2025-08-17,Core,rotational mb throws,,20lbs,3x6,,
2025-08-17,Plyo (-agility),ickey shuffle bounds,,,2x5,,
2025-08-17,& more + prehab,cossack squats,cossack-squats,,2x10,,
2025-08-17,Plyo (-agility),tuck jumps,tuck-jumps,,2x6,,
2025-08-17,& more + prehab,Spanish squat iso hold,,,2x60s,,
2025-08-17,& more + prehab,kb half kneeling windmill,,22lbs,2x10,,
2025-08-18,Power (lower),clean & jerk,,"65,3x85","5,3x3",,
2025-08-18,& more + prehab,scapula work,,,2x15,,
2025-08-18,Power (lower),pendlay row,pendlay-row,125lbs,3x5,,
2025-08-18,Power (upper),pendlay row,pendlay-row,125lbs,3x5,,
2025-08-18,& more + prehab,sl wall sit,sl-wall-sit,,"35s,45s",,
2025-08-19,Zone 2,hike,hike,6.5 hrs,class 3,,
2025-08-20,Power (lower),tb deadlift,,225lbs,"7,5",,
2025-08-20,& more + prehab,tke iso hold,,,2x60s,,
2025-08-21,& more + prehab,hip airplanes,,,15,,
2025-08-23,Power (lower),tb deadlift,,280lbs,"2x3,2,1",,
2025-08-25,Anaerobic Lactic Capacity + Circuits,tabata,,8x,ropes,,
2025-08-25,Power (upper),lm split clean & jerk,lm-split-clean-jerk,15lbs,2x5,,
2025-08-25,& more + prehab,scapula work,,,2x15,,
2025-08-25,Anaerobic Lactic Capacity + Circuits,fireground sim day,,10 rounds,,,
2025-08-25,Power (upper),mb back throw,,25lbs,2x5,,
2025-08-25,& more + prehab,sl wall sit on toes,,,2x60s,,
2025-08-25,Power (upper),mb forward throw,,25lbs,2x4,,
2025-08-25,Power (upper),mb wall throw,,25lbs,5*,,
2025-08-25,Power (upper),mb up throw,,25lbs,5,,
2025-08-27,Power (lower),light tb deadlift,,225lbs,4x5,,
2025-08-27,& more + prehab,sl standing calf raises,,50lbs,2x25,,
2025-08-27,Power (lower),box squat,box-squat,195lbs,5x5*,,
2025-08-28,& more + prehab,rotator cuff work,,,,,
2025-08-28,& more + prehab,wrist work,,,,,
2025-08-29,Anaerobic Lactic Capacity + Circuits,fireground circuit,,10 rounds,47mins,,
2025-08-29,Core,reverse crunches,reverse-crunches,,20,,
2025-08-29,Power (lower),db squat jumps,db-squat-jumps,2/15lbs,3x5,,
2025-08-29,Core,reverse crunches w/ 3s hold,,,2x10,,
2025-08-30,Anaerobic Lactic Capacity + Circuits,fireground sim day,,10 rounds,,,
2025-09-01,Power (upper),push press,push-press,"75,2x85",3x5,,
2025-09-01,& more + prehab,scapula work,,,2x11,,
2025-09-01,Power (upper),pendlay row,pendlay-row,135lbs,3x3,,
2025-09-01,& more + prehab,sl wall sit on toes,,,2x45s,,
2025-09-02,Power (lower),sprinter iso hold,sprinter-iso-hold,,5x5s,,
2025-09-02,& more + prehab,kb adductor stretch,,26lbs,2x15,,
2025-09-02,Power (lower),tb deadlift,,"2x280,2x225","2,1,2x8",,
2025-09-02,& more + prehab,cossack squats,cossack-squats,,2x10,,
2025-09-02,Power (lower),box squat,box-squat,195lbs,5x5,,
2025-09-02,& more + prehab,kb half kneeling windmill,,22lbs,2x15,,
2025-09-02,& more + prehab,sl standing calf raises,,55lbs,2x25,,
2025-09-02,& more + prehab,sl soleus raises,,50lbs,2x22,,
2025-09-03,Core,lm anti rotation,lm-anti-rotation,10lbs,2x10,,
2025-09-03,& more + prehab,rotator cuff work,,,2x15,,
2025-09-03,Core,rotational mb throws,,25lbs,3x6,,
2025-09-03,& more + prehab,wrist work,,,2x20,,
2025-09-05,Power (lower),sl bulgarian hops,sl-bulgarian-hops,,2x5,,
2025-09-06,Anaerobic Lactic Capacity + Circuits,fireground sim day,,10 rounds,46mins,,
2025-09-07,Zone 2,racquetball,racquetball,,1 hr,,
2025-09-07,Zone 2,hockey,,,40mins,,
2025-09-08,Power (lower),clean & jerk,,88lbs,4x3,,
2025-09-08,Zone 2,hockey,,,45mins,,
2025-09-08,& more + prehab,scapula work,,,2x10,,
2025-09-08,& more + prehab,sl wall sit on toes,,,2x60s,,
2025-09-09,Power (lower),nordic curls,nordic-curls,,3x15,,almost bitched out of lifting heavy today because my right quad was sore during warmup. so glad I didn't - PRing left and right!
2025-09-09,& more + prehab,sl standing calf raises,,60lbs,2x20,,almost bitched out of lifting heavy today because my right quad was sore during warmup. so glad I didn't - PRing left and right!
2025-09-09,Power (lower),tb deadlift,,275lbs,"2x4,3,2",,
2025-09-09,& more + prehab,sl soleus raises,,50lbs,2x25,,
2025-09-09,Power (lower),box squat,box-squat,205lbs,5x5,,
2025-09-09,& more + prehab,kb adductor stretch,,26lbs,2x20,,
2025-09-09,& more + prehab,cossack squats,cossack-squats,,2x10,,
2025-09-09,& more + prehab,kb half kneeling windmill,,26lbs,2x10,,
2025-09-09,& more + prehab,foot resisted tke,,,"15,20",,
2025-09-10,Core,pallof hold,pallof-hold,35lbs,2x12s,,
2025-09-10,& more + prehab,rotator cuff work,,5lbs,2x15/20,,
2025-09-10,Core,rotational mb throws,,25lbs,3x6,,
2025-09-10,& more + prehab,wrist work,,15lbs,2x25,,
2025-09-11,Anaerobic Lactic Capacity + Circuits,stairclimber,stairclimber,60 spm,110 floors,,
2025-09-11,Anaerobic Lactic Capacity + Circuits,pushups/situps/squats/pullups,,,343 reps,,
2025-09-12,Core,reverse crunches w/ 3s hold,,,3x11,,
2025-09-12,Plyo (-agility),ickey shuffle to crossover,ickey-shuffle-to-crossover,,3 laps,,
2025-09-12,& more + prehab,back extension,,35lbs,"20,22",,
2025-09-13,Anaerobic Lactic Capacity + Circuits,fireground sim day,,10 rounds,49mins,,
2025-09-14,Zone 2,hockey,,,90mins,,
2025-09-15,Power (upper),lm split clean & jerk,lm-split-clean-jerk,65lbs,2x5,,
2025-09-15,Zone 2,hockey,,,30mins,,
2025-09-15,& more + prehab,scapula work,,,2x12,,
2025-09-15,Power (upper),mb back throw,,25lbs,2x4,,
2025-09-15,& more + prehab,sl wall sit on toes,,,2x45s,,
2025-09-15,Power (upper),mb forward throw,,25lbs,2x4,,
2025-09-15,& more + prehab,sl soleus raises,,55lbs,2x20,,
2025-09-15,Power (upper),mb wall throw,,25lbs,2x5,,
2025-09-15,& more + prehab,sl standing calf raises,,60lbs,"20,22",,
2025-09-15,Power (upper),mb up throw,,25lbs,2x5,,
2025-09-15,& more + prehab,sl ankle t hops,,,2x5,,
2025-09-15,Power (lower),nordic curls,nordic-curls,15lbs,3x15,,
2025-09-15,& more + prehab,ss calf raise,ss-calf-raise,,2x20,,
2025-09-15,& more + prehab,hip airplanes,,,2x20,,
2025-09-16,Power (lower),light tb deadlift,,225lbs,4x5,,
2025-09-16,Zone 2,hockey,,,15mins,,
2025-09-16,& more + prehab,ss calf raise,ss-calf-raise,,2x20,,
2025-09-16,Power (lower),box squat,box-squat,215lbs,3x5,,
2025-09-16,& more + prehab,slider lateral squat,,,2x10,,
2025-09-16,& more + prehab,kb half kneeling windmill,,26lbs,2x10,,
2025-09-16,& more + prehab,foot resisted tke,,,2x10,,
2025-09-17,Sprints,regular,,115m,2x,,
2025-09-17,Zone 2,hockey,,,20mins,,
2025-09-17,& more + prehab,sl kb raise,,18lbs,2x10,,
2025-09-17,& more + prehab,copenhagen planks,copenhagen-planks,,2x10,,
2025-09-17,& more + prehab,sl hip thrust,,22lbs,2x15,,
2025-09-17,& more + prehab,banded wall sprints,,blue,2x15,,
2025-09-18,Core,pallof hold,pallof-hold,35lbs,2x15s,,
2025-09-18,& more + prehab,rotator cuff work,,,2x15,,
2025-09-18,Core,split stance rotational mb throws,,"25,2x30","2x6,6*",,
2025-09-18,& more + prehab,wrist work,,,2x,,
2025-09-19,Core,reverse crunches w/ twist + 3s hold,,,3x7,,
2025-09-19,Plyo (-agility),hopscotch,hopscotch,,1x,,
2025-09-19,Zone 2,skating,skating,,30 mins,,
2025-09-19,& more + prehab,Jefferson curls,,44lbs,"13,14,12",,
2025-09-19,Plyo (-agility),in and outs,,,1x,,
2025-09-19,Plyo (-agility),scissors,,,1x,,
2025-09-20,Anaerobic Lactic Capacity + Circuits,fireground sim day,,10 rounds,1hr,,
2025-09-20,Zone 2,skating,skating,,1 hour,,
2025-09-21,Anaerobic Lactic Capacity + Circuits,leadville fire PAT,,,,,
2025-09-22,Power (upper),push press,push-press,95lbs,3x3,,22nd to 28th is all french creek gym
2025-09-22,& more + prehab,scapula work,,,2x10,,22nd to 28th is all french creek gym
2025-09-22,Power (upper),pendlay row,pendlay-row,135lbs,3x4*,,
2025-09-22,& more + prehab,sl wall sit on toes,,,2x45s,,
2025-09-22,& more + prehab,wrist work,,,2x,,
2025-09-22,& more + prehab,sl soleus raises,,45lbs,2x20,,
2025-09-22,& more + prehab,sl standing calf raises,,60lbs,2x22,,
2025-09-22,& more + prehab,ankle work,,,2x,,
2025-09-23,Core,reverse crunches w/ twist + 3s hold,,,3x8,,
2025-09-23,Plyo (-agility),hop scotch,,,2x,,
2025-09-23,Power (lower),tb deadlift,,275lbs,4x5,,
2025-09-23,& more + prehab,ss calf raise,ss-calf-raise,,2x20,,
2025-09-23,Plyo (-agility),in and outs,,,2x,,
2025-09-23,Power (lower),box squat,box-squat,215lbs,5x5*,,
2025-09-23,& more + prehab,foot resisted tke,,,2x15,,
2025-09-23,& more + prehab,lateral squat,,,2x10,,
2025-09-24,Core,pallof hold,pallof-hold,40lbs,2x15s,,
2025-09-24,Sprints,short sprints,,bb court,3x,,
2025-09-24,& more + prehab,sl kb raise,,18lbs,2x15,,
2025-09-24,Core,split stance woodchopper,,"25,2x40","13,2x6",,
2025-09-24,& more + prehab,copenhagen planks,copenhagen-planks,,2x12,,
2025-09-24,& more + prehab,sl hip thrust,,26lbs,2x15,,
2025-09-24,& more + prehab,wall sprints,,,2x15,,
2025-09-24,& more + prehab,rotator cuff work,,,2x15,,
2025-09-24,& more + prehab,wrist work,,17.5lbs,2x20,,
2025-09-25,Zone 2,skating,skating,,20mins,,
2025-09-26,Power (lower),clean,clean,95lbs,3x3,,
2025-09-26,Zone 2,skating,skating,,10mins,,
2025-09-26,& more + prehab,Jefferson curls,,45lbs,2x10,,
2025-09-27,Anaerobic Lactic Capacity + Circuits,fireground sim day,,10 rounds,38mins,,
2025-09-27,Core,ghd situps,,,"10,12,15",,
2025-09-27,Zone 2,skating,skating,,20mins,,
2025-09-27,& more + prehab,kb half kneeling windmill,,25lbs,2x10,,
2025-09-28,Zone 2,skating,skating,,1hr,,
2025-09-29,Power (upper),pendlay row,pendlay-row,135lbs,3x5*,,
2025-09-29,& more + prehab,scapula work,,,2x15,,
2025-09-29,Power (upper),drop-explode pushups,,,2x15*,,
2025-09-29,& more + prehab,sl wall sit on toes,,,2x60s,,
2025-09-29,& more + prehab,wrist work,,20lbs,2x15,,
2025-09-29,& more + prehab,sl standing calf raises,,60lbs,"25,20",,
2025-09-29,& more + prehab,sl soleus raises,,55lbs,2x25,,
2025-09-29,& more + prehab,ankle work,,,2x,,
2025-09-30,Core,reverse crunches w/ twist + 3s hold,,,8,,
2025-09-30,Plyo (-agility),cod tuck jumps,,,3x5,,
2025-09-30,Power (lower),tb deadlift,,"3x295,275","2,2x1,1",,
2025-09-30,Plyo (-agility),jump + agile laterals,,,3x4,,
2025-09-30,Power (lower),box squat,box-squat,215lbs,5x5,,
2025-09-30,Plyo (-agility),lateral bound + stick,,,2x6,,
2025-09-30,Plyo (-agility),skater bounds,,,2x5,,
2025-09-30,Plyo (-agility),depth drop + quick hop,,20in,2x6,,
2025-09-30,Plyo (-agility),box jump to sl landing,box-jump-to-sl-landing,20in,2x6*,,
2025-09-30,Plyo (-agility),5-10-5 drill (mini),,6.9s,3x,,
2025-09-30,Plyo (-agility),W drill,,,3x,,
2025-10-01,Power (lower),sprinter iso hold,sprinter-iso-hold,,5x5s,,
2025-10-01,Sprints,sled resisted sprints,,L3,5x,,
2025-10-01,& more + prehab,sl kb raise,,22lbs,2x15*,,
2025-10-01,& more + prehab,copenhagen planks,copenhagen-planks,,2x12,,
2025-10-01,& more + prehab,sl hip thrust,,31lbs,2x10,,
2025-10-01,& more + prehab,wall sprints,,,2x15,,
2025-10-02,Core,pallof hold,pallof-hold,42.5lbs,2x10s,,
2025-10-02,& more + prehab,rotator cuff work,,,2x,,
2025-10-02,Core,split stance rotational mb throws,,30lbs,3x6*,,
2025-10-02,& more + prehab,wrist work,,,2x,,
2025-10-03,Power (lower),hang clean to box step up,,"3x45,55",4x3,,
2025-10-04,Anaerobic Lactic Capacity + Circuits,fireground sim day,,10 rounds,37mins,,
2025-10-04,Core,ghd situps,,"0,10,15lbs",3x15,,
2025-10-04,Zone 2,skating,skating,,25mins,,
2025-10-04,& more + prehab,kb half kneeling windmill,,26lbs,"12,15",,
2025-10-05,Zone 2,skating,skating,,35mins,,
2025-10-06,Power (upper),pendlay row,pendlay-row,135lbs,3x5*,,
2025-10-06,& more + prehab,scapula work,,,2x10,,
2025-10-06,Power (upper),push press,push-press,95lbs,3x5,,
2025-10-06,& more + prehab,sl wall sit on toes,,,2x45s,,
2025-10-06,& more + prehab,wrist work,,20lbs,2x15,,
2025-10-06,& more + prehab,sl standing calf raises,,60lbs,2x20,,
2025-10-06,& more + prehab,sl soleus raises,,60lbs,2x20,,
2025-10-07,Core,sb stance pallof hold,,42.5lbs,2x15s,,
2025-10-07,Plyo (-agility),cod tuck jumps,,,3x5,,
2025-10-07,Power (lower),tb overcoming iso,,,5x5s,,
2025-10-07,Core,half kneeling mb throw,,14lbs,3x6,,
2025-10-07,Plyo (-agility),jump + agile laterals,,,3x4,,
2025-10-07,Power (lower),box squat,box-squat,225lbs,5x5*,,
2025-10-07,Plyo (-agility),depth drop + quick hop,,20in,6,,
2025-10-07,Plyo (-agility),skater bounds,,,3x5,,
2025-10-07,Plyo (-agility),180deg rotational landings,,,3x5,,
2025-10-07,Plyo (-agility),box jump to sl landing,box-jump-to-sl-landing,20in,2x5,,
2025-10-07,Plyo (-agility),5-10-5 drill (mini),,6.11s,3x,,
2025-10-07,Plyo (-agility),W drill,,,3x,,
2025-10-08,Power (lower),sprinter iso hold,sprinter-iso-hold,,3x5s,,
2025-10-08,Sprints,~40yd regular sprints,,,4x,,
2025-10-08,& more + prehab,sl kb raise,,22lbs,2x15,,
2025-10-08,Sprints,fly ~20s,,,2x,,
2025-10-08,& more + prehab,copenhagen planks,copenhagen-planks,,2x15,,
2025-10-08,& more + prehab,sl hip thrust,,31lbs,2x15,,
2025-10-08,& more + prehab,wall sprints,,,2x15,,
2025-10-09,Core,ss rotational mb throws,,30lbs,"2x6*,6",,
2025-10-09,& more + prehab,rotator cuff work,,,2x,,
2025-10-09,& more + prehab,wrist work,,,2x,,
2025-10-10,Core,ab roller,,,"25,2x20",,
2025-10-10,Plyo (-agility),hop scotch,,,,,
2025-10-10,Power (lower),clean,clean,"95,3x105",4x3,,
2025-10-10,& more + prehab,Jefferson curls,,44lbs,3x15,,
2025-10-10,Plyo (-agility),scissors,,,,,
2025-10-10,Plyo (-agility),box toe taps,,,,,
2025-10-10,Plyo (-agility),rfe forward/lateral hops,,,,,
2025-10-11,Anaerobic Lactic Capacity + Circuits,fireground sim day,,15 rounds,1hr,,
2025-10-11,Core,ghd situps,,15lbs,10,,
2025-10-11,& more + prehab,kb half kneeling windmill,,26lbs,2x15,,
2025-10-13,Plyo (-agility),cod tuck jumps,,,3x5,,Green highlight because plyos today felt SO much cleaner and coordinated
2025-10-13,Power (upper),pendlay row,pendlay-row,135lbs,3x5,,Green highlight because plyos today felt SO much cleaner and coordinated
2025-10-13,& more + prehab,scapula work,,,2x12,,Green highlight because plyos today felt SO much cleaner and coordinated
2025-10-13,Plyo (-agility),jump + agile laterals,,,3x4,,
2025-10-13,Power (upper),push press,push-press,105lbs,3x3,,
2025-10-13,& more + prehab,sl wall sit on toes,,,2x30s,,
2025-10-13,Plyo (-agility),depth drop + quick hop,,20in,2x6,,
2025-10-13,Power (upper),drop-explode pushups,,,2x10,,
2025-10-13,& more + prehab,wrist work,,20lbs,2x20,,
2025-10-13,Plyo (-agility),skater bounds,,,3x5,,
2025-10-13,& more + prehab,sl standing calf raises,,60lbs,2x22,,
2025-10-13,Plyo (-agility),180deg rotational landings - up box,,20in,5,,
2025-10-13,& more + prehab,sl soleus raises,,60lbs,2x22,,
2025-10-13,Plyo (-agility),180deg rotational landings - down box,,20in,5,,
2025-10-13,Plyo (-agility),180deg rotational landings - up & down 360,,20in,5,,
2025-10-13,Plyo (-agility),flat 360,,,3,,
2025-10-13,Plyo (-agility),box jump to sl landing,box-jump-to-sl-landing,20in,2x5,,
2025-10-13,Plyo (-agility),5-10-5 drill (mini),,6.8s,3x,,
2025-10-13,Plyo (-agility),W drill,,,3x,,
2025-10-14,Core,sb stance pallof hold,,50lbs,2x10s,,
2025-10-14,Power (lower),tb deadlift,,"4x295,2x275","3x2,1,2",,
2025-10-14,Core,half kneeling mb throw,,20lbs,3x6,,
2025-10-14,Power (lower),box squat,box-squat,225lbs,5x5,,
2025-10-15,Power (lower),sprinter iso hold,sprinter-iso-hold,,3x5s,,
2025-10-15,Sprints,sled resisted sprints,,"2xL3,3x45",5x,,
2025-10-15,& more + prehab,sl kb raise,,26lbs,2x10,,
2025-10-15,Sprints,fly ~20s,,,2x,,
2025-10-15,& more + prehab,copenhagen planks,copenhagen-planks,,2x15,,
2025-10-15,& more + prehab,sl hip thrust,,35lbs,2x10,,
2025-10-15,& more + prehab,wall sprints,,,2x15,,
2025-10-16,Core,ab roller,,3s hold,3x10,,
2025-10-16,& more + prehab,rotator cuff work,,,2x,,
2025-10-16,Core,ss rotational mb throws,,20lbs@3ft,3x6*,,
2025-10-16,& more + prehab,wrist work,,,2x,,
2025-10-17,Plyo (-agility),in and outs,,,,,
2025-10-17,Power (lower),hang clean to box step up,,"55,2x65",3x3,,
2025-10-17,& more + prehab,Jefferson curls,,53lbs,3x10,,
2025-10-17,Plyo (-agility),hopscotch,hopscotch,,,,
2025-10-17,Plyo (-agility),box toe taps,,,,,
2025-10-17,Plyo (-agility),rfe lateral & forward hops,,,,,
2025-10-18,Anaerobic Lactic Capacity + Circuits,fireground sim day,,15 rounds,56mins,,
2025-10-18,Zone 2,skating,skating,,20mins,,
2025-10-19,Zone 2,skating,skating,,30mins,,
2025-10-20,Zone 2,snowboard,,,1.5hrs,,
2025-10-20,Anaerobic Lactic Capacity + Circuits,fireground sim day,,15 rounds,1:06hrs,,
2025-10-21,Core,ab roller,,3s hold,3x12,,
2025-10-21,Plyo (-agility),cod tuck jumps,,,3x5,,
2025-10-21,& more + prehab,rotator cuff work,,,2x,,
2025-10-21,Core,ss rotational mb throws,,20lbs@3ft,3x6*,,
2025-10-21,Plyo (-agility),jump + agile laterals,,,3x4,,
2025-10-21,& more + prehab,wrist work,,,2x,,
2025-10-21,Plyo (-agility),depth drop + quick hop,,26in,2x5,,
2025-10-21,Plyo (-agility),skater bounds,,,3x10,,
2025-10-21,Plyo (-agility),180deg rotational landings - up box,,20in,5,,
2025-10-21,Plyo (-agility),180deg rotational landings - down box,,20in,5,,
2025-10-21,Plyo (-agility),180deg rotational landings - up & down 360,,20in,5,,
2025-10-21,Plyo (-agility),flat 360,,,3 each,,
2025-10-21,Plyo (-agility),box jump to sl landing,box-jump-to-sl-landing,26in,2x5,,
2025-10-22,Power (lower),sprinter iso hold,sprinter-iso-hold,,3x5s,,
2025-10-22,Sprints,~40yd regular sprints,,,4x,,
2025-10-22,& more + prehab,open knee drives,,,2x,,
2025-10-22,Sprints,fly ~20s,,,2x,,
2025-10-22,& more + prehab,sl kb raise,,,2x,,
2025-10-22,& more + prehab,copenhagen planks,copenhagen-planks,,2x,,
2025-10-22,& more + prehab,foot resisted tkes,,,2x,,
2025-10-22,& more + prehab,sl hip thrust w/ hold,,,2x,,
2025-10-22,& more + prehab,hamstring decel work,hamstring-decel-work,,2x,,
2025-10-22,& more + prehab,braking mechanics,,,2x,,
2025-10-23,Plyo (-agility),rfe lateral & forward hops,,,2x,,
2025-10-23,Power (lower),clean,clean,"2x115,2x105","2x2,2x3",,
2025-10-23,& more + prehab,Jefferson curls,,55lbs,"13,12",,
2025-10-23,Plyo (-agility),in & outs,,,,,
2025-10-23,Plyo (-agility),scissors,,,,,
2025-10-23,Plyo (-agility),hopscotch,hopscotch,,,,
2025-10-23,Plyo (-agility),box toe taps,,,25s,,
2025-10-24,Core,ghd situps,,15lbs,3x15,,
2025-10-24,Power (upper),pendlay row,pendlay-row,145lbs,"5*,2x4*",,
2025-10-24,& more + prehab,scapula work,,,2x10,,
2025-10-24,Power (upper),push press,push-press,105lbs,"2x4*,3*",,
2025-10-24,& more + prehab,sl wall sit on toes,,,"60,45s",,
2025-10-24,Power (upper),sm bench throws,,"50,60,70lbs","8,2x5",,
2025-10-24,& more + prehab,wrist work,,,2x,,
2025-10-25,& more + prehab,kb half kneeling windmill,,26lbs,10,,
2025-10-26,Core,sb stance pallof hold,,50lbs?,2x10s,,
2025-10-26,Power (lower),tb deadlift,,295lbs,"1,2,3,2",,
2025-10-26,& more + prehab,decel work,,,2x,,
2025-10-26,Core,sb stance woodchoppers,,30lbs?,2x6,,
2025-10-26,Power (lower),box squat,box-squat,"2x225,3x235",5x5,,
2025-10-27,Anaerobic Lactic Capacity + Circuits,fireground sim day,,15 rounds,1hr,,
2025-10-28,Plyo (-agility),pogos,,,10,,
2025-10-28,& more + prehab,rotator cuff work,,,2x,,
2025-10-28,Plyo (-agility),broad jumps,,,2x5,,
2025-10-28,& more + prehab,wrist work,,,2x,,
2025-10-28,Plyo (-agility),cod tuck jumps,,,5,,
2025-10-28,Plyo (-agility),jump + agile laterals,,,4,,
2025-10-28,Plyo (-agility),depth drop + quick hop,,26in,5,,
2025-10-28,Plyo (-agility),skater bounds,,,2x10,,
2025-10-28,Plyo (-agility),180deg rotational landings - up box,,20in,5,,
2025-10-28,Plyo (-agility),180deg rotational landings - down box,,20in,5,,
2025-10-28,Plyo (-agility),180deg rotational landings - up & down 360,,20in,5,,
2025-10-28,Plyo (-agility),flat 360,,,3,,
2025-10-28,Plyo (-agility),box jump to sl landing,box-jump-to-sl-landing,26in,5,,
2025-10-29,Power (lower),sprinter iso hold,sprinter-iso-hold,,3x5s,,
2025-10-29,Sprints,sled resisted sprints,,45lbs,4x,,
2025-10-29,& more + prehab,open knee drives,,,2x,,
2025-10-29,Sprints,fly ~20s,,,2x,,
2025-10-29,& more + prehab,sl kb raise,,,2x,,
2025-10-29,Sprints,5-10-5 drill,5-10-5-drill,,2x,,
2025-10-29,& more + prehab,copenhagen planks,copenhagen-planks,,2x,,
2025-10-29,Sprints,W drill,,,2x,,
2025-10-29,& more + prehab,foot resisted tkes,,,2x,,
2025-10-30,Core,ghd situps,,20lbs,"2x10,12",,
2025-10-30,Plyo (-agility),cod tuck jumps,,,2x5,,
2025-10-30,& more + prehab,sl hip thrust w/ hold,,,2x,,
2025-10-30,Plyo (-agility),jump + agile laterals,,,2x4,,
2025-10-30,& more + prehab,hamstring decel work,hamstring-decel-work,,2x,,
2025-10-30,Plyo (-agility),broad jumps,,,2x5,,
2025-10-30,& more + prehab,wall sprints,,,2x,,
2025-10-30,Plyo (-agility),depth drop + quick hop,,26in,6,,
2025-10-30,& more + prehab,decel work,,,3x3,,
2025-10-30,Plyo (-agility),skater bounds,,,2x10,,
2025-10-30,Plyo (-agility),box jump to sl landing,box-jump-to-sl-landing,26in,5,,
2025-10-30,Plyo (-agility),180deg rotational landings - up box,,20in,5,,
2025-10-30,Plyo (-agility),180deg rotational landings - down box,,20in,5,,
2025-10-30,Plyo (-agility),180deg rotational landings - up & down 360,,20in,5,,
2025-10-30,Plyo (-agility),flat 360,,,3,,
2025-10-31,Power (upper),pendlay row,pendlay-row,145lbs,3x5*,,
2025-10-31,& more + prehab,scapula work,,,2x,,
2025-10-31,Power (upper),push press,push-press,105lbs,3x4,,
2025-10-31,& more + prehab,kb half kneeling windmill,,26lbs,2x10,,
2025-10-31,& more + prehab,wrist work,,,2x,,
2025-11-01,Core,half kneeling mb throw,,20lbs,3x6,,
2025-11-01,Power (lower),box squat,box-squat,235lbs,5x5,,
2025-11-01,& more + prehab,ss calf raise,ss-calf-raise,,2x15,,
2025-11-01,Power (lower),tb deadlift,,295lbs,"4,1,3,0",,
2025-11-01,& more + prehab,sl wall sit on toes,,,"30,35s",,
2025-11-01,& more + prehab,foot resisted tkes,,,2x15,,
2025-11-01,& more + prehab,slider lateral squat,,,2x10,,
2025-11-02,Plyo (-agility),rfe lateral & forward hops,,,1x,,
2025-11-02,Power (lower),hang clean to box step up,,65lbs,3x3,,
2025-11-02,& more + prehab,balance board,,,,,
2025-11-02,Plyo (-agility),power shuffle pivots,power-shuffle-pivots,,1x,,
2025-11-02,Plyo (-agility),rapid step up & over,,,1x,,
2025-11-02,Plyo (-agility),hop scotch,,,1x,,
2025-11-02,Plyo (-agility),scissors,,,1x,,
2025-11-03,Anaerobic Lactic Capacity + Circuits,fiteground sim day,,15 rounds,56mins,,
2025-11-03,& more + prehab,sl soleus raises,,60lbs,2x20,,
2025-11-03,& more + prehab,sl standing calf raises,,60lbs,2x20,,
2025-11-03,& more + prehab,cross hops,,,2x5 each,,
2025-11-03,& more + prehab,around plate hops,,,2x each,,
2025-11-03,& more + prehab,plate step ons & over,,,2x5 each,,
2025-11-03,& more + prehab,rfe 2 quick lateral + 1 big hop,,,2x5 each,,
2025-11-04,Core,ab roller,,3s hold,3x15,,
2025-11-04,& more + prehab,rotator cuff work,,,2x,,
2025-11-04,Core,ss rotational mb throws,,20lbs@3ft,3x6*,,
2025-11-04,& more + prehab,wrist work,,,2x,,
2025-11-04,& more + prehab,zercher Jefferson curls,,"55,2x65","15,10,12",,
2025-11-04,& more + prehab,decel work,,,3x3,,
2025-11-06,Plyo (-agility),sl pogos,,,"10,15",,
2025-11-06,Power (lower),sprinter iso hold,sprinter-iso-hold,,3x5s,,
2025-11-06,& more + prehab,open knee drives,,,2x,,
2025-11-06,Plyo (-agility),skater bounds,,,"10,15",,
2025-11-06,& more + prehab,sl kb raise,,,2x,,
2025-11-06,Plyo (-agility),broad jumps,,,2x5,,
2025-11-06,& more + prehab,copenhagen planks,copenhagen-planks,,2x,,
2025-11-06,Plyo (-agility),depth drop + quick hop,,26in,2x6,,
2025-11-06,& more + prehab,foot resisted tkes,,,2x,,
2025-11-06,Plyo (-agility),gwiz jumps,gwiz-jumps,12in,2x5,,
2025-11-06,& more + prehab,sl glute bridge switch,,,2x,,
2025-11-06,Plyo (-agility),cod tuck jumps,,box width,4,,
2025-11-06,& more + prehab,hamstring decel work,hamstring-decel-work,,2x,,
2025-11-06,Plyo (-agility),box jump to sl landing,box-jump-to-sl-landing,26in,5,,
2025-11-06,& more + prehab,sl seated tib raises,,,2x,,
2025-11-06,Plyo (-agility),180deg rotational landings - up box,,20in,5,,
2025-11-06,Plyo (-agility),180deg rotational landings - down box,,20in,5,,
2025-11-06,Plyo (-agility),180deg rotational landings - up & down 360,,20in,5,,
2025-11-06,Plyo (-agility),flat 360,,,3,,
2025-11-07,Power (upper),pendlay row,pendlay-row,145lbs,3x5*,,
2025-11-07,& more + prehab,scapula work,,,2x,,
2025-11-07,Power (upper),push press,push-press,105lbs,"5,2x4",,
2025-11-07,& more + prehab,kb half kneeling windmill,,26lbs,2x15,,
2025-11-07,Power (upper),lm split clean & jerk,lm-split-clean-jerk,55lbs,8,,
2025-11-07,& more + prehab,wrist work,,,2x,,
2025-11-08,& more + prehab,ss calf raise,ss-calf-raise,,2x,,
2025-11-08,& more + prehab,sl wall sit on toes,,,2x30s,,
2025-11-08,& more + prehab,foot resisted tke,,,2x,,
2025-11-08,& more + prehab,slider lateral squat,,,2x,,
2025-11-09,Plyo (-agility),hopscotch,hopscotch,,2x,,
2025-11-09,Power (lower),tb overcoming iso,,,4x5s,,
2025-11-09,& more + prehab,pogos,,,1x,,
2025-11-09,Plyo (-agility),plate circle sl hops,,,2x,,
2025-11-09,Power (lower),tb deadlift,,"3x295,300","2x5,3,2",,
2025-11-09,Power (lower),box squat,box-squat,245lbs,5x5,,
2025-11-10,Anaerobic Lactic Capacity + Circuits,fireground sim day,,15 rounds,53mins,,
2025-11-10,& more + prehab,sl seated tib raises,,22lbs,2x12,,
2025-11-10,& more + prehab,sm calf raises,,"120,130,140lbs","2x25,20",,
2025-11-10,& more + prehab,soleus raises,,140lbs,2x20,,
2025-11-10,& more + prehab,sl pogos,,10lbs,2x15,,
2025-11-11,Core,ab roller,,5s hold,"10,8,5",,
2025-11-11,Power (upper),lm split clean & jerk,lm-split-clean-jerk,55lbs,3x6,,
2025-11-11,& more + prehab,rotator cuff work,,,2x,,
2025-11-11,Core,ss rotational mb throws,,16lbs@3ft,3x6,,
2025-11-11,& more + prehab,wrist work,,,2x,,
2025-11-13,& more + prehab,zercher Jefferson curls,,65lbs,3x12,,
2025-11-13,& more + prehab,decel work,,65lbs,3x3,,
2025-11-14,Power (upper),pendlay row,pendlay-row,145lbs,3x5*,,
2025-11-14,& more + prehab,scapula work,,,2x,,
2025-11-14,Power (upper),push press,push-press,105lbs,"4,2x3",,
2025-11-14,& more + prehab,kb half kneeling windmill,,31lbs,2x10,,
2025-11-14,& more + prehab,wrist work,,,2x,,
2025-11-15,Power (lower),tb deadlift,,295lbs,"4,1",,
2025-11-15,& more + prehab,ss calf raise,ss-calf-raise,,2x10,,
2025-11-15,Power (lower),box squat,box-squat,255lbs,5x5,,
2025-11-15,& more + prehab,sl wall sit,sl-wall-sit,,2x30s,,
2025-11-15,& more + prehab,foot resisted tke,,,2x10,,
2025-11-15,& more + prehab,slider lateral squat,,,2x10,,
2025-11-15,& more + prehab,decel work,,65lbs,3x3,,
2025-11-16,Plyo (-agility),hopscotch,hopscotch,,,,
2025-11-16,Power (lower),clean,clean,105lbs,4x3,,
2025-11-16,& more + prehab,weighted sl pogos,,2/7.5lbs,2x10,,
2025-11-16,Plyo (-agility),scissors,,,,,
2025-11-16,Plyo (-agility),in & outs,,,,,
2025-11-17,Anaerobic Lactic Capacity + Circuits,cpat sim,,10min unweighted stairs + 12 rounds,1:13hrs,,
2025-11-17,& more + prehab,sl standing calf raises,,60lbs,"25,20",,
2025-11-17,& more + prehab,sl soleus raises,,60lbs,"25,20",,
2025-11-17,& more + prehab,sl seated tib raises,,"22,18lbs",2x12,,
2025-11-17,& more + prehab,sl pogos,,13lbs,"10,15",,
2025-11-17,& more + prehab,sl cross hops,,,2x5,,
2025-11-17,& more + prehab,sl plate circle hops,,,2x,,
2025-11-18,& more + prehab,wrist work,,,2x,,
2025-11-19,Core,ab roller,,5s hold,3x6,,
2025-11-19,Power (upper),explosive trx rows,,,3x5,,
2025-11-19,& more + prehab,zercher Jefferson curls,,75lbs,3x10,,
2025-11-19,Core,ss rotational mb throws,,16lbs@3ft,3x6,,
2025-11-19,& more + prehab,decel work,,75lbs,3x3,,
2025-11-20,Core,ghd situps,,20lbs,3x15,,
2025-11-20,Plyo (-agility),sl pogos,,13lbs,2x15,,
2025-11-20,Power (lower),sprinter iso hold,sprinter-iso-hold,,3x5s,,
2025-11-20,& more + prehab,open knee drives,,,2x,,
2025-11-20,Plyo (-agility),skater bounds,,,2x,,
2025-11-20,& more + prehab,foot resisted tkes,,,2x,,
2025-11-20,Plyo (-agility),broad jumps,,,2x5,,
2025-11-20,& more + prehab,hamstring decel work,hamstring-decel-work,,2x,,
2025-11-20,Plyo (-agility),depth drop + quick hop,,26in,2x6,,
2025-11-20,& more + prehab,sl kb raise,,,2x,,
2025-11-20,Plyo (-agility),gwiz jumps,gwiz-jumps,18in,2x5*,,
2025-11-20,& more + prehab,copenhagen planks,copenhagen-planks,,2x,,
2025-11-20,Plyo (-agility),cod tuck jumps,,,2x5,,
2025-11-20,& more + prehab,sl glute bridge switches,sl-glute-bridge-switches,,2x,,
2025-11-20,Plyo (-agility),box jump to sl landing,box-jump-to-sl-landing,26in,5,,
2025-11-20,& more + prehab,sl seated tib raises,,,2x,,
2025-11-20,Plyo (-agility),180deg rotational landings - up box,,20in,5,,
2025-11-20,Plyo (-agility),180deg rotational landings - down box,,20in,5,,
2025-11-20,Plyo (-agility),180deg rotational landings - up & down 360,,20in,5,,
2025-11-20,Plyo (-agility),flat 360,,,3,,
2025-11-21,& more + prehab,scapula work,,,2x10,,
2025-11-21,& more + prehab,kb half kneeling windmill,,31lbs,2x10,,
2025-11-21,& more + prehab,wrist work,,,2x,,
2025-11-22,Power (lower),tb deadlift,,295lbs,4x5,,
2025-11-22,Zone 2,reclined bike,reclined-bike,8,15mins,,
2025-11-22,& more + prehab,ss calf raise,ss-calf-raise,,2x,,
2025-11-22,Power (lower),box squat,box-squat,265lbs,5x5*,,
2025-11-22,& more + prehab,sl wall sit,sl-wall-sit,,"45s, 30s",,
2025-11-22,& more + prehab,foot resisted tke,,,2x,,
2025-11-22,& more + prehab,slider lateral squat,,,2x,,
2025-11-24,Plyo (-agility),sl pogos,,15lbs,"10,15",,
2025-11-24,Power (lower),hang clean to box step up,,"65,2x70","3,2x3*",,
2025-11-24,Plyo (-agility),cross circle hops,,,2x10,,
2025-11-24,Plyo (-agility),rfe lateral & forward hops,,,2x10,,
2025-11-24,Plyo (-agility),box toe taps,,,2x20,,
2025-11-25,Core,cable woodchoppers,,40lbs,6,,
2025-11-25,& more + prehab,rotator cuff work,,,2x,,
2025-11-25,& more + prehab,wrist work,,,3x,,
2025-11-26,Anaerobic Lactic Capacity + Circuits,tabata,,vertical endless rope,8x,,
2025-11-26,Core,ghd situps,,25lbs,3x12,,
2025-11-26,Core,bosu plank + stir the pots,,,2x30s+30*/30*,,
2025-11-26,Core,bosu pikes + tucks,,,2x7,,
2025-11-27,Power (lower),sprinter iso hold,sprinter-iso-hold,,3x5s,,
2025-11-27,Sprints,~40yd regular sprints,,,2x,,
2025-11-27,& more + prehab,open knee drives,,,2x,,
2025-11-27,Sprints,fly ~20s,,,2x,,
2025-11-27,& more + prehab,cable hip flexor drives,,,2x,,
2025-11-27,Sprints,5-10-5 drill,5-10-5-drill,,2x,,
2025-11-27,& more + prehab,copenhagen planks,copenhagen-planks,,2x,,
2025-11-27,Sprints,W drill,,,2x,,
2025-11-27,& more + prehab,foot resisted tkes,,,2x,,
2025-11-27,& more + prehab,bent knee tib raises,,,2x,,
2025-11-28,Core,pallof hold + march,,10lbs,2x10,,
2025-11-28,Plyo (-agility),sl pogos,,15lbs,2x15,,
2025-11-28,& more + prehab,sl standing calf raises,,60lbs,2x20,,
2025-11-28,Core,half kneeling mb throw,,20lbs,2x6,,
2025-11-28,Plyo (-agility),skater bounds,,,2x,,
2025-11-28,& more + prehab,sl soleus raises,,60lbs,2x20,,
2025-11-28,Plyo (-agility),broad jumps,,,2x5,,
2025-11-28,& more + prehab,sl seated tib raises,,"18,22lbs","20,15*",,
2025-11-28,Plyo (-agility),depth drop + quick hop,,32in,"6,6*",,
2025-11-28,& more + prehab,cross circle hops,,,2x5,,
2025-11-28,Plyo (-agility),gwiz jumps,gwiz-jumps,18in,2x5,,
2025-11-28,Plyo (-agility),sl lateral hop to box + hop,,12in,2x5,,
2025-11-28,Plyo (-agility),box jump to sl landing,box-jump-to-sl-landing,26in,5,,
2025-11-28,Plyo (-agility),180deg rotational landings - up box,,20in,5,,
2025-11-28,Plyo (-agility),180deg rotational landings - down box,,20in,5,,
2025-11-28,Plyo (-agility),180deg rotational landings - up & down 360,,20in,5,,
2025-11-28,Plyo (-agility),flat 360,,,3,,
2025-11-29,Power (lower),tb deadlift,,305lbs,4x3,,
2025-11-29,& more + prehab,ss calf raise,ss-calf-raise,,2x,,
2025-11-29,& more + prehab,sl wall sit on toes,,,"35s,30s",,
2025-11-29,& more + prehab,foot resisted tke,,,2x,,
2025-11-29,& more + prehab,slider lateral squat,,,2x,,
2025-11-29,& more + prehab,zercher Jefferson curls,,75lbs,3x12,,
2025-11-30,Core,bosu plank + stir the pots,,,2x30s+20*/20*,,
2025-11-30,& more + prehab,scapula work,,,2x,,
2025-11-30,Core,bosu pikes + tucks,,,"7,10",,
2025-11-30,& more + prehab,kb half kneeling windmill,,,2x10,,
2025-11-30,& more + prehab,wrist work,,,2x,,
2025-12-02,& more + prehab,rotator cuff work,,,2x,,
2025-12-02,& more + prehab,wrist work,,,2x,,
2025-12-03,Core,ghd situps,,30lbs,3x10,,
2025-12-03,Plyo (-agility),sl pogos,,15lbs,"10,15",,
2025-12-03,Power (lower),clean,clean,105lbs,4x3,,
2025-12-03,& more + prehab,decel work,,75lbs,3x3,,
2025-12-03,Plyo (-agility),rfe lateral & forward hops,,,2x10,,
2025-12-03,& more + prehab,decel work (bulgarian hops),,65lbs,3x3,,
2025-12-03,Plyo (-agility),box toe taps,,,2x15,,
2025-12-03,Plyo (-agility),cross circle hops,,,2x7,,
2025-12-04,Power (lower),sprinter iso hold,sprinter-iso-hold,,3x5s,,glycogen feels EMPTY from that stomach bug a few days ago (I have been trying to fill carbs since then)
2025-12-04,Sprints,~40yd regular sprints,,,2x,,glycogen feels EMPTY from that stomach bug a few days ago (I have been trying to fill carbs since then)
2025-12-04,& more + prehab,open knee drives,,22lbs,2x,,glycogen feels EMPTY from that stomach bug a few days ago (I have been trying to fill carbs since then)
2025-12-04,Sprints,fly ~20s,,,2x,,
2025-12-04,& more + prehab,foot resisted tkes,,,2x,,
2025-12-04,Sprints,5-10-5 drill,5-10-5-drill,,2x,,
2025-12-04,& more + prehab,hamstring decel work,hamstring-decel-work,,2x,,
2025-12-04,Sprints,W drill,,,2x,,
2025-12-04,& more + prehab,copenhagen planks,copenhagen-planks,,2x,,
2025-12-04,& more + prehab,sl glute bridge switches,sl-glute-bridge-switches,,2x,,
2025-12-04,& more + prehab,sl seated tib raises,,22lbs,"13,10",,
2025-12-04,& more + prehab,cable hip flexor drives,,,2x,,
2025-12-05,Core,pallof hold + march,,10lbs,2x10,,
2025-12-05,Plyo (-agility),sl pogos,,15lbs,2x15,,
2025-12-05,& more + prehab,sl standing calf raises,,60lbs,2x25,,
2025-12-05,Core,half kneeling mb throw,,20lbs,2x6,,
2025-12-05,Plyo (-agility),skater bounds,,,2x,,
2025-12-05,& more + prehab,sl soleus raises,,60lbs,2x25,,
2025-12-05,Plyo (-agility),broad jumps,,,2x5,,
2025-12-05,& more + prehab,sl seated tib raises,,22lbs,2x15*,,
2025-12-05,Plyo (-agility),depth drop + quick hop,,32in,2x6,,
2025-12-05,& more + prehab,cross circle hops,,,2x5,,
2025-12-05,Plyo (-agility),gwiz jumps,gwiz-jumps,20in,2x3*,,
2025-12-05,& more + prehab,plate circle hops,,,2x,,
2025-12-05,Plyo (-agility),sl lateral hop to box + hop,,12in,2x5,,
2025-12-05,Plyo (-agility),box jump to sl landing,box-jump-to-sl-landing,26in,5,,
2025-12-05,Plyo (-agility),180deg rotational landings - up box,,20in,5,,
2025-12-05,Plyo (-agility),180deg rotational landings - down box,,20in,5,,
2025-12-05,Plyo (-agility),180deg rotational landings - up & down 360,,20in,5,,
2025-12-05,Plyo (-agility),flat 360,,,3,,
2025-12-06,Power (lower),tb deadlift,,305lbs,"2x4,5,3",,
2025-12-06,& more + prehab,ss calf raise,ss-calf-raise,,2x,,
2025-12-06,Power (lower),box squat,box-squat,265lbs,5x5*,,
2025-12-06,& more + prehab,sl wall sit on toes,,,2x,,
2025-12-06,& more + prehab,foot resisted tke,,,2x,,
2025-12-06,& more + prehab,slider lateral squat,,,2x,,
2025-12-07,Core,bosu plank + stir the pots,,,2x30s+30/30*,,
2025-12-07,Power (upper),lm split clean & jerk,lm-split-clean-jerk,"55,60,65lbs","6,2x5",,
2025-12-07,& more + prehab,scapula work,,,2x,,
2025-12-07,Core,bosu pikes + tucks,,,2x10,,
2025-12-07,& more + prehab,kb half kneeling windmill,,26lbs,2x,,
2025-12-08,Zone 2,hockey,,,1hr,,
2025-12-08,& more + prehab,wrist work,,,2x,,
2025-12-09,Core,ghd pallof press,,10lbs,"2x7,10",,
2025-12-09,Power (upper),sm bench throws,,50lbs,5x5,,
2025-12-09,& more + prehab,rotator cuff work,,,2x,,
2025-12-09,Core,ss rotational mb throws,,16lbs@3ft,3x6,,
2025-12-09,& more + prehab,wrist work,,,2x,,
2025-12-10,Plyo (-agility),sl pogos,,15lbs,"10,15",,
2025-12-10,Power (lower),hang clean to box step up,,70lbs,3x3*,,
2025-12-10,& more + prehab,decel work (jump squats),,80lbs,3x3*,,
2025-12-10,Plyo (-agility),hopscotch,hopscotch,,2x,,
2025-12-10,& more + prehab,decel work (split squat jumps),,80lbs,3x3*,,
2025-12-10,Plyo (-agility),scissors,,,2x,,
2025-12-10,& more + prehab,decel work (bulgarian hops),,70lbs,3x3*,,
2025-12-10,Plyo (-agility),in & outs,,,2x,,
2025-12-10,Plyo (-agility),box toe taps,,,2x20,,
2025-12-12,Core,pallof hold + march,,10lbs,"12,10",,
2025-12-12,Plyo (-agility),sl pogos,,12.5lbs,2x15,,
2025-12-12,Zone 2,hockey,,,1hr,,
2025-12-12,& more + prehab,sl standing calf raises,,65lbs,2x20,,
2025-12-12,Core,half kneeling mb throw,,20lbs,3x6,,
2025-12-12,Plyo (-agility),skater bounds,,,2x,,
2025-12-12,& more + prehab,sl soleus raises,,65lbs,2x20,,
2025-12-12,Plyo (-agility),broad jumps,,,2x5,,
2025-12-12,& more + prehab,sl seated tib raises,,22lbs,2x15*,,
2025-12-12,Plyo (-agility),depth drop + quick hop,,32in,2x5,,
2025-12-12,Plyo (-agility),gwiz jumps,gwiz-jumps,20in,2x3*,,
2025-12-12,Plyo (-agility),sl lateral hop to box + hop,,12in,2x5,,
2025-12-12,Plyo (-agility),depth jump to lateral bound,,12in,2x5,,
2025-12-12,Plyo (-agility),box jump to sl landing,box-jump-to-sl-landing,26in,5,,
2025-12-12,Plyo (-agility),180deg rotational landings - up box,,20in,5,,
2025-12-12,Plyo (-agility),180deg rotational landings - down box,,20in,3,,
2025-12-12,Plyo (-agility),180deg rotational landings - up & down 360,,20in,3,,
2025-12-12,Plyo (-agility),flat 360,,,1,,
2025-12-12,Plyo (-agility),cross circle hops,,,5,,
2025-12-15,Power (lower),tb deadlift,,305lbs,"2,1,0",,
2025-12-15,& more + prehab,ss calf raise,ss-calf-raise,,2x,,
2025-12-15,Power (lower),box squat,box-squat,265lbs,5x5*,,
2025-12-15,& more + prehab,sl wall sit on toes,,,2x,,
2025-12-15,& more + prehab,foot resisted tke,,,2x,,
2025-12-15,& more + prehab,slider lateral squat,,,2x,,
2025-12-15,& more + prehab,zercher Jefferson curls,,85lbs,3x10,,
2025-12-16,Core,bosu plank + stir the pots,,,2x30s+30/30,,
2025-12-16,Power (upper),sm bench throws,,"2x50,3x60",5x5,,
2025-12-16,& more + prehab,scapula work,,,2x,,
2025-12-16,Core,bosu pikes + tucks,,,2x12,,
2025-12-16,& more + prehab,kb half kneeling windmill,,,2x,,
2025-12-16,& more + prehab,wrist work,,,2x,,
2025-12-17,Plyo (-agility),sl pogos,,15lbs,2x10,,cleans hurt wrist at 95lbs. don't want to aggravate it.
2025-12-17,& more + prehab,decel work (jump squats),,80lbs,3x3,,cleans hurt wrist at 95lbs. don't want to aggravate it.
2025-12-17,& more + prehab,decel work (split squat jumps),,80lbs,"2x3*,3",,
2025-12-17,& more + prehab,decel work (bulgarian hops),,70lbs,"3*,2x3",,
2025-12-20,Power (upper),sm bench throws,,60lbs,5x5,,
2025-12-20,& more + prehab,rotator cuff work,,,2x,,
2025-12-20,& more + prehab,wrist work,,,2x,,
2025-12-23,Core,bosu plank + stir the pots,,,2x30s+30/30,,
2025-12-23,Power (lower),box squat,box-squat,245lbs,5x5,,
2025-12-23,& more + prehab,scapula work,,,2x,,
2025-12-23,Core,bosu pikes + tucks,,,2x12,,
2025-12-23,& more + prehab,kb half kneeling windmill,,,2x,,
2025-12-23,& more + prehab,wrist work,,,2x,,
2025-12-23,& more + prehab,zercher Jefferson curls,,85lbs,"10,2x12",,
2025-12-30,Plyo (-agility),sl pogos,,,15,,
2025-12-30,Power (lower),box squat,box-squat,"245,2x265",3x5,,
2025-12-30,& more + prehab,zercher Jefferson curls,,85lbs,2x10,,
2025-12-30,Plyo (-agility),sl cross hops,,,5,,
2025-12-30,Plyo (-agility),sl circle plate hops,,,1x,,
2026-01-07,Plyo (-agility),sl pogos,,,15,,
2026-01-07,Power (lower),box squat,box-squat,"225,2x265",3x5,,
2026-01-07,& more + prehab,zercher Jefferson curls,,85lbs,2x10,,
2026-01-07,Plyo (-agility),sl cross hops,,,7,,
2026-01-07,Plyo (-agility),sl circle plate hops,,,2x,,
2026-01-09,Core,bosu plank + stir the pots,,,2x30s+30/30,,
2026-01-09,& more + prehab,scapula work,,,2x,,
2026-01-09,Core,bosu pikes + tucks,,,2x10,,
2026-01-09,& more + prehab,kb half kneeling windmill,,,2x,,
2026-01-09,& more + prehab,wrist work,,,2x,,
