,3/24-3/30,3/31-4/6,4/7-4/13,4/14-4/20,4/21-4/27,4/28-5/4,5/5-5/11,5/12-5/18,5/19-5/25,5/26-6/1,6/2-6/8,6/9-6/15,6/16-6/22,6/23-6/29,6/30-7/6,7/7-7/13,7/14-7/20,7/21-7/27,7/28-8/3,8/4-8/10,8/11-8/17,8/18-8/24,8/25-8/31,9/1-9/7,9/8-9/14,9/15-9/21,9/22-9/28,9/29-10/5,10/6-10/12,10/13-10/19,10/20-10/26,10/27-11/2,11/3-11/9,11/10-11/16,11/17-11/23,11/24-11/30,12/1-12/7,12/8-12/14
abs/core,23,29,=4+4+4+4+4+2+4,=4+4+3+4+3+4,=4+4+3+3+4,=4+2+2+4+3+2+4,=2+4+3+2+2,=4+1+4+4+4+4,=3+3+4+2+2+2,=3+3+3+2,=2+3+3+3,=2+2+2+2+2+3+3,=2+3+2+2,=2+2+2,=2+2+2+2,=2+2+2+2,=2+2+2+2,=2+2+2,=2+2+2,=2+2+2+2+2,=2+3+2+3+3,0,=3+4,=2+3,=2+3+3,=2+3+3,=3+2+3+3,=1+2+3+3,=2+3+3+3+1,=2+3+3+3,=3+3+3+2+2,=3+3,=3+3,=3+3,=3+3+3,=1+3+2+2+2+2+2+2,=3+2+2+2+2,=3+3
arms,=SUM(B4:B6),=SUM(C4:C6),=SUM(D4:D6),=SUM(E4:E6),=SUM(F4:F6),=SUM(G4:G6),=SUM(H4:H6),=SUM(I4:I6),=SUM(J4:J6),=SUM(K4:K6),=SUM(L4:L6),=SUM(M4:M6),=SUM(N4:N6),=SUM(O4:O6),=SUM(P4:P6),=SUM(Q4:Q6),=SUM(R4:R6),=SUM(S4:S6),=SUM(T4:T6),=SUM(U4:U6),=SUM(V4:V6),=SUM(W4:W6),=SUM(X4:X6),=SUM(Y4:Y6),=SUM(Z4:Z6),=SUM(AA4:AA6),=SUM(AB4:AB6),=SUM(AC4:AC6),=SUM(AD4:AD6),=SUM(AE4:AE6),=SUM(AF4:AF6),=SUM(AG4:AG6),=SUM(AH4:AH6),=SUM(AI4:AI6),=SUM(AJ4:AJ6),=SUM(AK4:AK6),=SUM(AL4:AL6),=SUM(AM4:AM6)
biceps,=4+4,14,=4+4+5,=4+5,=4+4+5,=2+4+5,=3+4+4+5,=6+6,=6+3,=3,=3,=3,=4,=4,=2,=3,=3,=4,=3+4,,=2,=3,=3+4,=3,=3+3,=3,,=3,=3,,,,=3,=3,=3,=3,=3
triceps,=4+4,12,=4+4+4,=4+4+4,=4+4+4,=3+4+4+4+4,=3+4+4+4+4,=4+4+3,=4+3,=3+3,=3+3,=3+3+4,,=3+3,=3,=3+3,=3+2,=3+2+2,=2+2+3+1,=3+3,=2+2,=2+2+2+2,=2+2+4,=2+2,=2+2,=2+1,=2+2,=2,=2+2,=2+2,=2+2,=3,=3,=4,=3
forearms/grip,=4+4,11,=4+2+4+2+3,=5+3+4+2,=4+3+4+3,4,=4,=4,=4,=2+3,=3,=3,=3,=3+4+3+2,,=2,=3+3+3,=2+3,=2,=2+3,=2,=2+3,=4,=2,=2,=2,,=3+2,=2,,,,=3,=3,=3,=3,,=3
back,=SUM(B9:B11),=SUM(C8:C11),=SUM(D8:D11),=SUM(E8:E11),=SUM(F8:F11),=SUM(G8:G11),=SUM(H8:H11),=SUM(I8:I11),=SUM(J8:J11),=SUM(K8:K11),=SUM(L8:L11),=SUM(M8:M11),=SUM(N8:N11),=SUM(O8:O11),=SUM(P8:P11),=SUM(Q8:Q11),=SUM(R8:R11),=SUM(S8:S11),=SUM(T8:T11),=SUM(U8:U11),=SUM(V8:V11),=SUM(W8:W11),=SUM(X8:X11),=SUM(Y8:Y11),=SUM(Z8:Z11),=SUM(AA8:AA11),=SUM(AB8:AB11),=SUM(AC8:AC11),=SUM(AD8:AD11),=SUM(AE8:AE11),=SUM(AF8:AF11),=SUM(AG8:AG11),=SUM(AH8:AH11),=SUM(AI8:AI11),=SUM(AJ8:AJ11),=SUM(AK8:AK11),=SUM(AL8:AL11),=SUM(AM8:AM11)
lats,=5+4+5++3,=5+4+4+2,=4+4+6+4+4+6,=4+4+5+3+4+3,=5+4+4+4+4+4+4+1,=4+4+4+4+4+4+4+6+3,=4+4+5+2+6+4+4,=4+4+6+6+5+10,=4+5+4+3+4+6,=3+4+5,=3+5+3+4+4,=3+5+3+4+4,=3+3+3+4,=3+3+3+3+2+2,=2+2+2+3+1,=2+2+3+2+3+2+2,=2+2+2+3+4+2,=2+1,=2+4+2+4,=2+2+2+4,=3+2+2+2+2,=3+2+2+3+2+2,=3+2+2+2+2,=3+2+2+2+2,=3+2+1+2+2,=3+1+1+3+2,=4+2+2+4+2+3,=3+2+2+3+2+5,=3+2+2+3+2+3,=4+2+2+3+2,=3+2+2+2,=2+3+4+3,=3+1+3+3,=3+1+3,=3+5+3+4+5,=3+3+3+4+3,=3+5+3,=3+3+2+5
traps/upper,=4+4+4,8,=4,=4,=4+4,=4+4+4,=4+4+4+4,=4+4,=4+3,,,,=3,=3,=3,,=5,=2+1,=2+3,=3,=2,=2,=3,=3,=3,=3,=3,=3,=3,,=3,=3,=3,=3,=4,=3,=3,=3
rhomboids,=4,=4+4,=4+4,=4+4,=4+4+4+4,=2+4,=4+4+4,=4,,=4+5,=3,=3,,,,,,,,,,,,,,,,,,,,,,,=3,=3
erectors/lower,=4+3+3,=4+3,=4+3,=4+3,=4+3,=4+3,=4,=4+3,=6+3,=2+3,=4+2+3,=4+3,,=2+5,=2+5,=2+5,=2+5,=2,=2,=2+2,=2,,=3,,=2,=3,=2,,,=3,,,=3
chest,=4+4+4+6+4+4+5+4,30,=4+4+4+4+5+4+4,=4+4+4+4+5+4+4+4+4,=4+4+4+4+3+4+4+3,=4+4+4+4+3+6+6+3,=4+4+4+4+3+6+6+3,=4+4+4+4+3+6+4+3,=3+4+4+4+3+4+3,=6+4+3+4,=6+4+3+4,=6+4+3+4,=6+1,=6+2+3,=2+2+4+2+3,=2+2+2+6+3,=2+2+2+6+3,=2+2+5+2,=2+2+4,=1+1+1+2+3+2,=5+3+3+2+2,=2+4+3+2+2+6,=6+3+1+2,=6+3+3+1+3,=6+3+3+2+2+3,=6+2+3+1+2,=6+3+3,=6+3+3+2,=6+3+3,=6+3+3+2,=3+3+6+3+2,=3+6+3,=3+6+3,=3+6+3+3+3,=3+5+6+3,=3+6+4+3+3,=3+6+3,=3
ath&cond,,,,,,,,=SUM(I14:I20),=SUM(J14:J20),=SUM(K14:K20),=SUM(L14:L20),=SUM(M14:M20),=SUM(N14:N20),=SUM(O14:O20),=SUM(P14:P20),=SUM(Q14:Q20),=SUM(R14:R20),=SUM(S14:S20),=SUM(T14:T20),=SUM(U14:U20),=SUM(V14:V20),=SUM(W14:W20),=SUM(X14:X20),=SUM(Y14:Y20),=SUM(Z14:Z20),=SUM(AA14:AA20),=SUM(AB14:AB20),=SUM(AC14:AC20),=SUM(AD14:AD20),=SUM(AE14:AE20),=SUM(AF14:AF20),=SUM(AG14:AG20),=SUM(AH14:AH20),=SUM(AI14:AI20),=SUM(AJ14:AJ20),=SUM(AK14:AK20),=SUM(AL14:AL20),=SUM(AM14:AM20)
anaerobic lactic,,,,,,,,=1+2+1,1,=1+1+1,=1+1+1+1,=1+1+1+1,=1+1+1+1,=1,=1,=1,=2,=1,=3,=3+1,=1+1+1+1+1,=1,,,=1+1,,,,,,,,,,,1
circuits (ff/crossfit),,,,,,,,,,,,,,,,,,,,,,,=1+10+4+10,10,=10,=10+7,=10,10,15,=15+15,=15,15,15,=15,12
plyos (-agility),,,,,,,,=3+2+1+1+1+1+3+3+1+3+3+3+3+3+2+4+3+1+1+3+3+3,=3+3+2+2+2+3+3+1+2+2+3+2+1,=5,=2+2+3+3+3+2,=3+2+3+3+3+2+2,=1+1+1+1+1+1+1+1+1+1,=2+2+3+2+3,=3,=2+2+2+3,=3,=2+2+2+3+3,=2+2+2+2+3,,=3+3+3+1+2+2,,,,=3,=3,=2+2,=3+3+2+2+2+2+3+3,=3+3+1+3+3+2+3+3+1+1+1+1,=3+3+2+3+1+1+1+1+2+3+3,=3+3+2+3+3+1+2+2+3+1,=1+2+1+1+1+2+3+1+1+2+2+2+1+2+5+5,=2+2+2+2+2+1+1+1+1+1+1+2+2,=3,=2+2+2+2+2+2+5,=2+2+2+2+2+2+2+2+2+2+5,=2+2+2+2+2+2+2+2+2+2+4+1,=2+2+2+2+2
power (lower),,,,,,,,=5+2+3+3,=3+5+3+3+3+4,=5+5+3+2+2,=5+5+3+3+2+2+2,=5+5+3+3+3+2+2,=3+3+2+2+5+5+3+5,=2+2+4+3+3,=4+5,=5+2+2+5,=2+3,=4+5,=5+4,=2,=4+5+2,=2+4,=4+5+3,=5+4+5+2,=3+6+5,=3+4+3,=4+5+3,=4+5+5+4,=5+5+3+4,=5+5+3+3,=3+4+4+5,=3+5+3+3,=3+4+4+5,=2+5+4,=3+4+5,=3+3+4,=4+3+4+5,=3
power (upper),,,,,,,,=2+2+3+3+2,=3+3+3+3+3+3+3+4,=3+3+3+3+3+3,=3+3+3+3+3+3+3,=3+3+3+3+3+3+3,=3+3,=3+3+3+3,=2+2+3+3+3+3,=5+2+2+2+2+3+3+1,=2+2+2+2+3+3+3,=2+2+2+2+3+3,=2+2+2+2+5,=3,=5+2+3,=3+3+2+2+2+1+1,=2+2+2+1+1,=3+3,=3,=2+2+2+2+2,=3+3,=3+2,=3+3,=3+3+2,=3+3+3,=3+3,=3+3+1,=3+3+3,=3,,=3,=5
sprints,,,,,,,,=1+1+2+2,=3+3+2,=2+2+2+2,=2+2+2+2,=2+2+1+1,=2+2+2,=3,=3,=3,,,,,,,,,,=2,3,5,=4+2,=5+2,=4+2,=4+2+2+2,,,,=2+2+2+2,=2+2+2+2
zone 2,,,,,,,,=1,1,=1,=1,0,0,0,0,0,0,,,,,=1,,2,=1,=5,=4,2,,=3,=2,,,,=1,,=1,=2
legs,=SUM(B22:B25),=SUM(C22:C25),=SUM(D22:D25),=SUM(E22:E25),=SUM(F22:F25),=SUM(G22:G25),=SUM(H22:H25),=SUM(I22:I25),=SUM(J22:J25),=SUM(K22:K25),=SUM(L22:L25),=SUM(M22:M25),=SUM(N22:N25),=SUM(O22:O25),=SUM(P22:P25),=SUM(Q22:Q25),=SUM(R22:R25),=SUM(S22:S25),=SUM(T22:T25),=SUM(U22:U25),=SUM(V22:V25),=SUM(W22:W25),=SUM(X22:X25),=SUM(Y22:Y25),=SUM(Z22:Z25),=SUM(AA22:AA25),=SUM(AB22:AB25),=SUM(AC22:AC25),=SUM(AD22:AD25),=SUM(AE22:AE25),=SUM(AF22:AF25),=SUM(AG22:AG25),=SUM(AH22:AH25),=SUM(AI22:AI25),=SUM(AJ22:AJ25),=SUM(AK22:AK25),=SUM(AL22:AL25),=SUM(AM22:AM25)
quads,=4+5+4+4+10,=4+4+4+2+7,=4+4+1+5+3,=3+4+4+4+3+3+5+3,=3+4+4+3+4+3+1,=5+4+4+4+4+3+6+10+4,=3+3+4+4+4+3+3,=5+4+4+4+7+4+6,,=4+4+4+3+3+3,=4+6+4+3+3,=2+2+3+2+3+3+2,=2+2+2+6,=1+3+2+5+3,=3+1+4,=2+3+2+3,=4+2+3+3+3,=3+3+3,=3+3+3,=2+6+3,=2,,=3+3,=3+4,=3+3+1+2+3+3,=1+3+3,=3+3+3+3,=3+3+3+3,=4+3+3+3+3,=4+3+3+7,=3+3+3+3,=3+3+3,=3+3,=3+3+3+3,=3+4+3+3,=3+3,=3+3,=3+3+3
glutes,=4+4+4+4,=4+4+4+4,=4+4+4+4,=4+4+4+4,=5+4+4,=4+4+4+4+3+4,=3+4+4+4+2,=4+4+4+3,=4+4+5,=4+3+2+1,=4+3+1+3,=4+1+3+3,=2+2+3,=2+3,=2+3,=3,=3+3,=3,=3,=3,,,,=1,=3,=3+3,=3,=3,,=3+3,=3+3,,=3+3+3,=3+3,=3+3,,=3+3,=3+3
hamstrings,=3+4+3+4+4,=4+4+4+4,=4+4+4+3,=4+4+3+4,=4+4+4+3,=4+4+3,=6+3,=4+6+3+4+3+3,=4+6+3+3,=3+3+3+3,=3+3+3+3,=3+3+2+3,=2+3+1+2+3,=3+1+3,=3+3+1,=3+4+4,=2+3+3,=2+3+3+1,=2+3+3+1,=1+3,=3+1+3+3,=2+3,=3+1+3+3,=3+1+3,=3+1+3,=2+1+3,=3+3+1+3,=3+3+1+3,=3+3+1+3,=3+1+3,=3+3+1,=3+1,=3+3+3+3,=3+3+1,=3+3+3+1,=2+3+1+3,=2+3+1+2
calves+soleus,=4+4+4,=2+3+3,=3+3+3,=3+3+3,=3+3+3,=3+2,,=3+3,,,,=3,=2,,=2+3,=3,=2,=2+2,,,,,,,=2+2,=2+2,=2+2,=2+2,,=2+2,,,=2+2,,,,=2+2
shoulders,=SUM(B27:B28),=SUM(C27:C29),=SUM(D27:D29),=SUM(E27:E29),=SUM(F27:F29),=SUM(G27:G29),=SUM(H27:H29),=SUM(I27:I29),=SUM(J27:J29),=SUM(K27:K29),=SUM(L27:L29),=SUM(M27:M29),=SUM(N27:N29),=SUM(O27:O29),=SUM(P27:P29),=SUM(Q27:Q29),=SUM(R27:R29),=SUM(S27:S29),=SUM(T27:T29),=SUM(U27:U29),=SUM(V27:V29),=SUM(W27:W29),=SUM(X27:X29),=SUM(Y27:Y29),=SUM(Z27:Z29),=SUM(AA27:AA29),=SUM(AB27:AB29),=SUM(AC27:AC29),=SUM(AD27:AD29),=SUM(AE27:AE29),=SUM(AF27:AF29),=SUM(AG27:AG29),=SUM(AH27:AH29),=SUM(AI27:AI29),=SUM(AJ27:AJ29),=SUM(AK27:AK29),=SUM(AL27:AL29),=SUM(AM27:AM29)
side delts,=3+3+4+3+3,=3+1+4+4,=3+3+4+4,=3+3+4+4,=4+4+3+4+4,=2+2+3+4+4,=2+5+4+5+4+4,=6+5+4+6+6+5,=6+5+4+3+4,=4+4+3+3,=4+4+5+3,=4+6+3+3,=3+4,=3+4+4,=2+4,=2+6+4,=6+2+2,=1+2+4,=2+3+4,=4+3+3,=4+4+3,=4+3+3+4,=4+4+4+3,=4+3+4+3+3,=4+6+3+3+3,=4+6+3+3+3,=4+6+3+3+3,=4+6+3+3+3,=3+4+6+3+3+4,=4+5+3+3,=5+3+4+4,=4+4,=5+3+4,=4+3+3,=5+3+4,=4+2+3,=3+3+3,=4+3
rear delts,=4+4+4+4+3,=3+4+4+4+4,=4+4+4+4+4,=4+4+4+4,=3+4+4+4,=4+4+4,=3+4+4,=4+3,=4,=4,=4,=4,=3,=3+2,=2,=1,=3,=3,=3,=3,=2,=2,=2,=2,=2,=2,=2,=2,=2,=2,=2+2,,,=2,,,=2
front delts,=3,=4,=4,,=4,=4,=4,=4
p/rehab & mobility,,=SUM(C36:C37),=SUM(D36:D37),=SUM(E36:E37),=SUM(F36:F37),=SUM(G36:G37),,,=SUM(J31:J37)
adductors/groin,=3+4,=4,=4,=4,=4,=4,=4,,,True,True,True,True,True,True,True,True,True,True,False,True,True,True,True,True,True,True,True,True,True,True,True,True,True,True,True,True,True
ankle,,,,,,=3,,,,True,True,True,True,True,True,True,True,False,True,False,True,True,False,True,True,True,True,True,True,True,True,True,True,True,True,True,True,True
hip flexors,,,,,,,,,,False,False,False,False,False,False,False,False,False,False,False,False,False,False,False,False,False,False,True,True,True,True,True,True,True,True,True,True,True
knee/acl,=12,10,=6,,=2+3+3,=3+3+3,,,,True,True,True,True,True,True,True,True,True,True,True,True,True,True,True,True,True,True,True,True,True,True,True,True,True,True,True,True,True
rotator cuff,,=6,=2+2+2,=2+2,=2+3+2,=2+2,,,,True,True,True,True,True,True,True,True,True,True,True,True,True,True,True,True,True,True,True,True,True,True,True,True,True,True,True,True,True
tibialis,,=4,=2+2+2,=2+2,=2+2,=2,,,,True,True,True,True,True,True,True,True,False,True,False,False,False,False,True,True,False,True,True,True,True,True,True,True,True,True,True,True,True
wrists,,=10,=4+6+2+2,=4+3+2,=3+2+2+2,=2+2+2,,,,True,False,False,True,False,True,True,True,True,True,True,True,True,True,True,True,True,True,True,True,True,True,True,True,True,True,True,True,True
running
vo2 max,,,,,,,,,,,,,,,,,,,,,"3x2:2, 3x2:1"
threshold,,,,,,,,,,,,,,,,,,,,,2x10min,17+5mins
easy runs,,,,,,,,,,,,,,,,,,,,,2.5 miles,,3 miles
long runs,,,,,,,,,,,,,,,,,,,,,,,4 miles

NOTES/ISSUES,,,,the low numbers are accounted for: WE-in-1 plan due to RWB ride along full day Saturday. Still got to the gym at the end of the day though - good job on consistency. Nice job getting good volume on legs with little knee issue.,straps are a breakthrough for getting the back working - finally! shoulders are feeling strong.,,,,,,,,,,,,,,,,knee pain,knee pain largely resolved after dyer-crystal scramble day,leg volume down because circuits make them sore too (although I guess soreness is not an excuse to go easy on legs...),,impressing myself with my conditioning on the ice... I can just keep going!,"failed the leadville fire PAT, likely because lack of recovery... lessons to be learned... otherwise, upper body has been feeling strong despite getting over a cold (sleep helped a lot). legs have been a bit tired due to more skating, also sickness affecting recovery. early week knee pain, but the quality is changed, not really anterior anymore, it's deep inside. thinking i'll adapt (already am I think). forearms also felt toasted during PAT... stickhandling affecting it? chest volume down because dealing with an upper pec (?) strain. pec taping helping. also wrist taping due to issues there.",,"just noticing the major plyo increase. knee feels ok though considering, nothing like that time in the summer when I jacked up the plyos and had major pain. snowboarding season is starting soon...! skating is improving. fireground circuit is way fast than usual (37mins vs close to 50mins when I started doing them) so I changed it from a total of 10 rounds to 15, we'll see how that goes this upcoming week.","plyos felt really strong today. top end speed felt weak though, probably still sleep deprived from work + PMS recently",,"switched into 1st transition phase. snowboarded twice this week, legs are handling it well, going to continue to ease into the increased volume in my legs. wrist issues, probably because i haven't been doing my reverse curls and dead hangs - reminder that the small stuff matters!",,"oh boy I took a slam in some shit early season conditions at breck. missed deadlift day later that day because my deep left side was feeling bad. but i tried the next day and PRed, so, it ended up good as long as I brace my abs (zero aggravation). I also have to admit it probably helped that i had that extra day of ""recovery"" to go hard the next day on deadlifts and legs (PRed everything there too). going to take it easy on the rotation/hip flexor stuff and ease back into using that. can't back off totally because as we know, my body doesn't like to fix itself unless it realizes it has to. lol.",took cpat this week (failed). felt wasted the following day - deadlifts took a hit from that. back on the up the next day with legs though.,,,"volume is down because I got the stomach bug and barely ate for about 2 days. consciously worked on refilling carbs afterwards. also struggled with electrolyte loss, working on hydrating and salt. based on improved bench performance, I'm on the up.",volume down because more hockey practice meant my legs were NOT recovering. also had an orchestra concert sunday and I didn't want to waste my upper body. so volume is quite down. intention is to pick it back up this upcoming week.
